200 Mammals List Index,Species,Common Name,Clade,Source,CN50_kb,Assembly,Genome Download Command(s),Chromosome Naming Convention in Cactus Alignment,Chromosome Naming Convention in Fasta File,Chromosome Naming Conventions Agree between Cactus Alignment and Fasta File?,Genome File Name,Coverage,ContigN50,ScaffoldN50
1,Acinonyx_jubatus,Cheetah,Laurasiatheria,Genbank,35120,GCF_001443585.1,wget https://sra-download.ncbi.nlm.nih.gov/traces/wgs03/wgs_aux/LL/WD/LLWD01/LLWD01.*.fsa_nt.gz,GenBank,GenBank,Y,/projects/pfenninggroup/machineLearningForComputationalBiology/regElEvoGrant/200MammalsFastas/GCF_001443585.1_aciJub1_genomic.fna,75,35120,3122036
2,Ailuropoda_melanoleuca,Giant Panda,Laurasiatheria,Genbank,128604,GCA_002007445.1,wget https://sra-download.ncbi.nlm.nih.gov/traces/wgs03/wgs_aux/LN/AT/LNAT01/LNAT01.*.fsa_nt.gz,GenBank,GenBank,Y,/projects/pfenninggroup/machineLearningForComputationalBiology/regElEvoGrant/200MammalsFastas/GCA_002007445.1_ASM200744v1_genomic.fna,70,128604,9947519
3,Ailurus_fulgens,Red Panda,Laurasiatheria,Genbank,99577,GCA_002007465.1,wget ftp://ftp.ncbi.nlm.nih.gov/genomes/all/GCA/002/007/465/GCA_002007465.1_ASM200746v1/GCA_002007465.1_ASM200746v1_genomic.fna.gz,GenBank,GenBank,Y,/projects/pfenninggroup/machineLearningForComputationalBiology/regElEvoGrant/200MammalsFastas/GCA_002007465.1_ASM200746v1_genomic.fna,115.5,99577,2983736
4,Ammotragus_lervia,Barbary Sheep,Laurasiatheria,Genbank,52017,GCA_002201775.1,wget ftp://ftp.ncbi.nlm.nih.gov/genomes/all/GCA/002/201/775/GCA_002201775.1_ALER1.0/GCA_002201775.1_ALER1.0_genomic.fna.gz,GenBank,GenBank,Y,/projects/pfenninggroup/machineLearningForComputationalBiology/regElEvoGrant/200MammalsFastas/GCA_002201775.1_ALER1.0_genomic.fna,241,52017,1301762
5,Aotus_nancymaae,Nancy Ma‚Äôs Night Monkey,Euarchonta,Genbank,126456,GCA_000952055.2,wget ftp://ftp.ncbi.nlm.nih.gov/genomes/all/GCF/000/952/055/GCF_000952055.2_Anan_2.0/GCF_000952055.2_Anan_2.0_genomic.fna.gz,GenBank,RefSeq,N,/projects/pfenninggroup/machineLearningForComputationalBiology/regElEvoGrant/200MammalsFastas/GCF_000952055.2_Anan_2.0_genomic.fna,132.4,126456,8268663
6,Balaenoptera_acutorostrata,Common Minke Whale,Laurasiatheria,Genbank,22690,GCF_000493695.1,wget ftp://ftp.ncbi.nlm.nih.gov/genomes/all/GCF/000/493/695/GCF_000493695.1_BalAcu1.0/GCF_000493695.1_BalAcu1.0_genomic.fna.gz,GenBank,RefSeq,N,/projects/pfenninggroup/machineLearningForComputationalBiology/regElEvoGrant/200MammalsFastas/GCF_000493695.1_BalAcu1.0_genomic.fna,92,22690,12843668
7,Balaenoptera_bonaerensis,Antarctic Minke Whale,Laurasiatheria,Genbank,8410,GCA_000978805.1,wget ftp://ftp.ncbi.nlm.nih.gov/genomes/all/GCA/000/978/805/GCA_000978805.1_ASM97880v1/GCA_000978805.1_ASM97880v1_genomic.fna.gz,GenBank,GenBank,Y,/projects/pfenninggroup/machineLearningForComputationalBiology/regElEvoGrant/200MammalsFastas/GCA_000978805.1_ASM97880v1_genomic.fna,60,8410,20082
8,Bison_bison,American Bison,Laurasiatheria,Genbank,19971,GCF_000754665.1,wget ftp://ftp.ncbi.nlm.nih.gov/genomes/all/GCF/000/754/665/GCF_000754665.1_Bison_UMD1.0/GCF_000754665.1_Bison_UMD1.0_genomic.fna.gz,GenBank,RefSeq,N,/projects/pfenninggroup/machineLearningForComputationalBiology/regElEvoGrant/200MammalsFastas/GCF_000754665.1_Bison_UMD1.0_genomic.fna,60,19971,7192658
9,Bos_indicus,Zebu,Laurasiatheria,Genbank,28375,GCA_000247795.2,wget ftp://ftp.ncbi.nlm.nih.gov/genomes/all/GCF/000/247/795/GCF_000247795.1_Bos_indicus_1.0/GCF_000247795.1_Bos_indicus_1.0_genomic.fna.gz,GenBank,RefSeq,N,/projects/pfenninggroup/machineLearningForComputationalBiology/regElEvoGrant/200MammalsFastas/GCF_000247795.1_Bos_indicus_1.0_genomic.fna,52,28375,106310653
10,Bos_mutus,Yak,Laurasiatheria,Genbank,22822,GCF_000298355.1,wget ftp://ftp.ncbi.nlm.nih.gov/genomes/all/GCF/000/298/355/GCF_000298355.1_BosGru_v2.0/GCF_000298355.1_BosGru_v2.0_genomic.fna.gz,GenBank,RefSeq,N,/projects/pfenninggroup/machineLearningForComputationalBiology/regElEvoGrant/200MammalsFastas/GCF_000298355.1_BosGru_v2.0_genomic.fna,130,22822,1407960
11,Bos_taurus,Aurochs,Laurasiatheria,Genbank,276285,GCF_000003205.7,wget ftp://ftp.ncbi.nlm.nih.gov/genomes/all/GCF/000/003/205/GCF_000003205.7_Btau_5.0.1/GCF_000003205.7_Btau_5.0.1_genomic.fna.gz,GenBank,RefSeq,N,/projects/pfenninggroup/machineLearningForComputationalBiology/regElEvoGrant/200MammalsFastas/GCF_000003205.7_Btau_5.0.1_genomic.fna,19,276285,6806220
12,Bubalus_bubalis,Water Buffalo,Laurasiatheria,Genbank,21938,GCF_000471725.1,wget ftp://ftp.ncbi.nlm.nih.gov/genomes/all/GCF/000/471/725/GCF_000471725.1_UMD_CASPUR_WB_2.0/GCF_000471725.1_UMD_CASPUR_WB_2.0_genomic.fna.gz,GenBank,RefSeq,N,/projects/pfenninggroup/machineLearningForComputationalBiology/regElEvoGrant/200MammalsFastas/GCF_000471725.1_UMD_CASPUR_WB_2.0_genomic.fna,70,21938,1412388
13,Callithrix_jacchus,Common Marmoset,Euarchonta,Genbank,155284,GCA_002754865.1,wget https://sra-download.ncbi.nlm.nih.gov/traces/wgs03/wgs_aux/NT/IC/NTIC01/NTIC01.*.fsa_nt.gz,GenBank,GenBank,Y,/projects/pfenninggroup/machineLearningForComputationalBiology/regElEvoGrant/200MammalsFastas/GCA_002754865.1_ASM275486v1_genomic.fna,60,155284,129239660
14,Camelus_bactrianus,Bactrian Camel,Laurasiatheria,Genbank,139019,GCF_000767855.1,wget ftp://ftp.ncbi.nlm.nih.gov/genomes/all/GCF/000/767/855/GCF_000767855.1_Ca_bactrianus_MBC_1.0/GCF_000767855.1_Ca_bactrianus_MBC_1.0_genomic.fna.gz,GenBank,RefSeq,N,/projects/pfenninggroup/machineLearningForComputationalBiology/regElEvoGrant/200MammalsFastas/GCF_000767855.1_Ca_bactrianus_MBC_1.0_genomic.fna,79.2,139019,8812066
15,Camelus_dromedarius,Arabian Camel,Laurasiatheria,Genbank,69131,GCF_000767585.1,wget ftp://ftp.ncbi.nlm.nih.gov/genomes/all/GCF/000/767/585/GCF_000767585.1_PRJNA234474_Ca_dromedarius_V1.0/GCF_000767585.1_PRJNA234474_Ca_dromedarius_V1.0_genomic.fna.gz,GenBank,RefSeq,N,/projects/pfenninggroup/machineLearningForComputationalBiology/regElEvoGrant/200MammalsFastas/GCF_000767585.1_PRJNA234474_Ca_dromedarius_V1.0_genomic.fna,65,69131,4188677
16,Camelus_ferus,Bactrian Camel (wild),Laurasiatheria,Genbank,90263,GCF_000311805.1,wget ftp://ftp.ncbi.nlm.nih.gov/genomes/all/GCF/000/311/805/GCF_000311805.1_CB1/GCF_000311805.1_CB1_genomic.fna.gz,GenBank,RefSeq,N,/projects/pfenninggroup/machineLearningForComputationalBiology/regElEvoGrant/200MammalsFastas/GCF_000311805.1_CB1_genomic.fna,30,90263,2005940
17,Canis_lupus_familiaris,Village dog,Laurasiatheria,200M,110028,GCF_000002285.3,wget ftp://ftp.ncbi.nlm.nih.gov/genomes/all/GCF/000/002/285/GCF_000002285.3_CanFam3.1/GCF_000002285.3_CanFam3.1_genomic.fna.gz,UCSC,UCSC,Y,/projects/pfenninggroup/machineLearningForComputationalBiology/regElEvoGrant/200MammalsFastas/canFam3.fa,0,267478,45876610
18,Capra_aegagrus,Wild Goat,Laurasiatheria,Genbank,19347,GCA_000978405.1,wget ftp://ftp.ncbi.nlm.nih.gov/genomes/all/GCA/000/978/405/GCA_000978405.1_CapAeg_1.0/GCA_000978405.1_CapAeg_1.0_genomic.fna.gz,GenBank,GenBank,Y,/projects/pfenninggroup/machineLearningForComputationalBiology/regElEvoGrant/200MammalsFastas/GCA_000978405.1_CapAeg_1.0_genomic.fna,83.54,19347,91317560
19,Capra_hircus,Goat,Laurasiatheria,Genbank,26244591,GCF_001704415.1,wget ftp://ftp.ncbi.nlm.nih.gov/genomes/all/GCF/001/704/415/GCF_001704415.1_ARS1/GCF_001704415.1_ARS1_genomic.fna.gz,GenBank,RefSeq,N,/projects/pfenninggroup/machineLearningForComputationalBiology/regElEvoGrant/200MammalsFastas/GCF_001704415.1_ARS1_genomic.fna,50,26244591,87277232
20,Cavia_aperea,Brazilian Guinea Pig,Glire,Genbank,1039,GCA_000688575.1,wget ftp://ftp.ncbi.nlm.nih.gov/genomes/all/GCA/000/688/575/GCA_000688575.1_CavAp1.0/GCA_000688575.1_CavAp1.0_genomic.fna.gz,GenBank,GenBank,Y,/projects/pfenninggroup/machineLearningForComputationalBiology/regElEvoGrant/200MammalsFastas/GCA_000688575.1_CavAp1.0_genomic.fna,333,1039,27928671
21,Cavia_porcellus,Domesticated Guinea Pig,Glire,Genbank,80583,GCF_000151735.1,wget ftp://ftp.ncbi.nlm.nih.gov/genomes/all/GCF/000/151/735/GCF_000151735.1_Cavpor3.0/GCF_000151735.1_Cavpor3.0_genomic.fna.gz,GenBank,RefSeq,N,/projects/pfenninggroup/machineLearningForComputationalBiology/regElEvoGrant/200MammalsFastas/GCF_000151735.1_Cavpor3.0_genomic.fna,6.8,80583,27942054
22,Cebus_capucinus,White-headed Capuchin,Euarchonta,Genbank,41196,GCF_001604975.1,wget ftp://ftp.ncbi.nlm.nih.gov/genomes/all/GCF/001/604/975/GCF_001604975.1_Cebus_imitator-1.0/GCF_001604975.1_Cebus_imitator-1.0_genomic.fna.gz,GenBank,RefSeq,N,/projects/pfenninggroup/machineLearningForComputationalBiology/regElEvoGrant/200MammalsFastas/GCF_001604975.1_Cebus_imitator-1.0_genomic.fna,81,41196,5274112
23,Ceratotherium_simum,White Rhinoceros,Laurasiatheria,Genbank,92960,GCF_000283155.1,wget ftp://ftp.ncbi.nlm.nih.gov/genomes/all/GCF/000/283/155/GCF_000283155.1_CerSimSim1.0/GCF_000283155.1_CerSimSim1.0_genomic.fna.gz,GenBank,RefSeq,N,/projects/pfenninggroup/machineLearningForComputationalBiology/regElEvoGrant/200MammalsFastas/GCF_000283155.1_CerSimSim1.0_genomic.fna,91,92960,26277727
24,Cercocebus_atys,Sooty Mangabey,Euarchonta,Genbank,112942,GCF_000955945.1,wget ftp://ftp.ncbi.nlm.nih.gov/genomes/all/GCF/000/955/945/GCF_000955945.1_Caty_1.0/GCF_000955945.1_Caty_1.0_genomic.fna.gz,GenBank,RefSeq,N,/projects/pfenninggroup/machineLearningForComputationalBiology/regElEvoGrant/200MammalsFastas/GCF_000955945.1_Caty_1.0_genomic.fna,192,112942,12849131
25,Chinchilla_lanigera,Long-tailed Chinchilla,Glire,Genbank,61105,GCF_000276665.1,wget ftp://ftp.ncbi.nlm.nih.gov/genomes/all/GCF/000/276/665/GCF_000276665.1_ChiLan1.0/GCF_000276665.1_ChiLan1.0_genomic.fna.gz,GenBank,RefSeq,N,/projects/pfenninggroup/machineLearningForComputationalBiology/regElEvoGrant/200MammalsFastas/GCF_000276665.1_ChiLan1.0_genomic.fna,87,61105,21893125
26,Chlorocebus_sabaeus,Green Monkey,Euarchonta,Genbank,90449,GCF_000409795.2,wget ftp://ftp.ncbi.nlm.nih.gov/genomes/all/GCF/000/409/795/GCF_000409795.2_Chlorocebus_sabeus_1.1/GCF_000409795.2_Chlorocebus_sabeus_1.1_genomic.fna.gz,GenBank,RefSeq,N,/projects/pfenninggroup/machineLearningForComputationalBiology/regElEvoGrant/200MammalsFastas/GCF_000409795.2_Chlorocebus_sabeus_1.1_genomic.fna,95,90449,81825804
27,Choloepus_hoffmanni,Hoffmann‚Äôs Two-toed Sloth,Xenarthra,Genbank,64490,GCA_000164785.2,wget ftp://ftp.ncbi.nlm.nih.gov/genomes/all/GCA/000/164/785/GCA_000164785.2_C_hoffmanni-2.0.1/GCA_000164785.2_C_hoffmanni-2.0.1_genomic.fna.gz,GenBank,GenBank,Y,/projects/pfenninggroup/machineLearningForComputationalBiology/regElEvoGrant/200MammalsFastas/GCA_000164785.2_C_hoffmanni-2.0.1_genomic.fna,65,64490,366442
28,Colobus_angolensis,Angola Colobus,Euarchonta,Genbank,38363,GCF_000951035.1,wget ftp://ftp.ncbi.nlm.nih.gov/genomes/all/GCF/000/951/035/GCF_000951035.1_Cang.pa_1.0/GCF_000951035.1_Cang.pa_1.0_genomic.fna.gz,GenBank,RefSeq,N,/projects/pfenninggroup/machineLearningForComputationalBiology/regElEvoGrant/200MammalsFastas/GCF_000951035.1_Cang.pa_1.0_genomic.fna,86.8,38363,7840981
29,Condylura_cristata,Star-nosed Mole,Laurasiatheria,Genbank,46163,GCF_000260355.1,wget ftp://ftp.ncbi.nlm.nih.gov/genomes/all/GCF/000/260/355/GCF_000260355.1_ConCri1.0/GCF_000260355.1_ConCri1.0_genomic.fna.gz,GenBank,RefSeq,N,/projects/pfenninggroup/machineLearningForComputationalBiology/regElEvoGrant/200MammalsFastas/GCF_000260355.1_ConCri1.0_genomic.fna,113.1,46163,55520359
30,Cricetulus_griseus,Chinese Hamster,Glire,Genbank,97133,GCA_900186095.1,wget ftp://ftp.ncbi.nlm.nih.gov/genomes/all/GCA/900/186/095/GCA_900186095.1_CHOK1S_HZDv1/GCA_900186095.1_CHOK1S_HZDv1_genomic.fna.gz,GenBank,GenBank,Y,/projects/pfenninggroup/machineLearningForComputationalBiology/regElEvoGrant/200MammalsFastas/GCA_900186095.1_CHOK1S_HZDv1_genomic.fna,74,97133,62039716
31,Dasypus_novemcinctus,Nine-banded Armadillo,Xenarthra,Genbank,26277,GCF_000208655.1,wget ftp://ftp.ncbi.nlm.nih.gov/genomes/all/GCF/000/208/655/GCF_000208655.1_Dasnov3.0/GCF_000208655.1_Dasnov3.0_genomic.fna.gz,GenBank,RefSeq,N,/projects/pfenninggroup/machineLearningForComputationalBiology/regElEvoGrant/200MammalsFastas/GCF_000208655.1_Dasnov3.0_genomic.fna,6,26277,1687935
32,Delphinapterus_leucas,Beluga,Laurasiatheria,Genbank,159142,GCF_002288925.1,wget ftp://ftp.ncbi.nlm.nih.gov/genomes/all/GCF/002/288/925/GCF_002288925.1_ASM228892v2/GCF_002288925.1_ASM228892v2_genomic.fna.gz,GenBank,RefSeq,N,/projects/pfenninggroup/machineLearningForComputationalBiology/regElEvoGrant/200MammalsFastas/GCF_002288925.1_ASM228892v2_genomic.fna,117,159142,19885328
33,Desmodus_rotundus,Common Vampire Bat,Laurasiatheria,Genbank,80250,GCA_002940915.2,wget ftp://ftp.ncbi.nlm.nih.gov/genomes/all/GCF/002/940/915/GCF_002940915.1_ASM294091v2/GCF_002940915.1_ASM294091v2_genomic.fna.gz,GenBank,RefSeq,N,/projects/pfenninggroup/machineLearningForComputationalBiology/regElEvoGrant/200MammalsFastas/GCF_002940915.1_ASM294091v2_genomic.fna,94,80250,26869735
34,Dicerorhinus_sumatrensis,Sumatran Rhinoceros,Laurasiatheria,Genbank,89455,GCA_002844835.1,wget ftp://ftp.ncbi.nlm.nih.gov/genomes/all/GCA/002/844/835/GCA_002844835.1_ASM284483v1/GCA_002844835.1_ASM284483v1_genomic.fna.gz,GenBank,GenBank,Y,/projects/pfenninggroup/machineLearningForComputationalBiology/regElEvoGrant/200MammalsFastas/GCA_002844835.1_ASM284483v1_genomic.fna,46,89455,614498
35,Dipodomys_ordii,Ord‚Äôs Kangaroo Rat,Glire,Genbank,48087,GCF_000151885.1,wget ftp://ftp.ncbi.nlm.nih.gov/genomes/all/GCF/000/151/885/GCF_000151885.1_Dord_2.0/GCF_000151885.1_Dord_2.0_genomic.fna.gz,GenBank,RefSeq,N,/projects/pfenninggroup/machineLearningForComputationalBiology/regElEvoGrant/200MammalsFastas/GCF_000151885.1_Dord_2.0_genomic.fna,0,48087,11931245
36,Echinops_telfairi,Lesser Hedgehog Tenrec,Afrotheria,Genbank,20428,GCF_000313985.1,wget ftp://ftp.ncbi.nlm.nih.gov/genomes/all/GCF/000/313/985/GCF_000313985.1_EchTel2.0/GCF_000313985.1_EchTel2.0_genomic.fna.gz,GenBank,RefSeq,N,/projects/pfenninggroup/machineLearningForComputationalBiology/regElEvoGrant/200MammalsFastas/GCF_000313985.1_EchTel2.0_genomic.fna,78,20428,45764842
37,Eidolon_helvum,African Straw-colored Fruit Bat,Laurasiatheria,Genbank,12668,GCA_000465285.1,wget ftp://ftp.ncbi.nlm.nih.gov/genomes/all/GCA/000/465/285/GCA_000465285.1_ASM46528v1/GCA_000465285.1_ASM46528v1_genomic.fna.gz,GenBank,GenBank,Y,/projects/pfenninggroup/machineLearningForComputationalBiology/regElEvoGrant/200MammalsFastas/GCA_000465285.1_ASM46528v1_genomic.fna,18,12668,27684
38,Elaphurus_davidianus,P√®re David's Deer,Laurasiatheria,Genbank,59950,GCA_002443075.1,wget ftp://ftp.ncbi.nlm.nih.gov/genomes/all/GCA/002/443/075/GCA_002443075.1_Milu1.0/GCA_002443075.1_Milu1.0_genomic.fna.gz,GenBank,GenBank,Y,/projects/pfenninggroup/machineLearningForComputationalBiology/regElEvoGrant/200MammalsFastas/GCA_002443075.1_Milu1.0_genomic.fna,114,59950,2844142
39,Elephantulus_edwardii,Cape Elephant Shrew,Afrotheria,Genbank,24219,GCF_000299155.1,wget ftp://ftp.ncbi.nlm.nih.gov/genomes/all/GCF/000/299/155/GCF_000299155.1_EleEdw1.0/GCF_000299155.1_EleEdw1.0_genomic.fna.gz,GenBank,RefSeq,N,/projects/pfenninggroup/machineLearningForComputationalBiology/regElEvoGrant/200MammalsFastas/GCF_000299155.1_EleEdw1.0_genomic.fna,62,24219,15011382
40,Ellobius_lutescens,Transcaucasian Mole Vole,Glire,Genbank,11648,GCA_001685075.1,wget ftp://ftp.ncbi.nlm.nih.gov/genomes/all/GCA/001/685/075/GCA_001685075.1_ASM168507v1/GCA_001685075.1_ASM168507v1_genomic.fna.gz,GenBank,GenBank,Y,/projects/pfenninggroup/machineLearningForComputationalBiology/regElEvoGrant/200MammalsFastas/GCA_001685075.1_ASM168507v1_genomic.fna,130,11648,242123
41,Ellobius_talpinus,Northern Mole Vole,Glire,Genbank,8259,GCA_001685095.1,wget ftp://ftp.ncbi.nlm.nih.gov/genomes/all/GCA/001/685/095/GCA_001685095.1_ETalpinus_0.1/GCA_001685095.1_ETalpinus_0.1_genomic.fna.gz,GenBank,GenBank,Y,/projects/pfenninggroup/machineLearningForComputationalBiology/regElEvoGrant/200MammalsFastas/GCA_001685095.1_ETalpinus_0.1_genomic.fna,50,8259,15246
42,Enhydra_lutris,Sea Otter,Laurasiatheria,Genbank,244529,GCF_002288905.1,wget ftp://ftp.ncbi.nlm.nih.gov/genomes/all/GCF/002/288/905/GCF_002288905.1_ASM228890v2/GCF_002288905.1_ASM228890v2_genomic.fna.gz,GenBank,RefSeq,N,/projects/pfenninggroup/machineLearningForComputationalBiology/regElEvoGrant/200MammalsFastas/GCF_002288905.1_ASM228890v2_genomic.fna,110,244529,38751465
43,Eptesicus_fuscus,Big Brown Bat,Laurasiatheria,Genbank,21392,GCF_000308155.1,wget ftp://ftp.ncbi.nlm.nih.gov/genomes/all/GCF/000/308/155/GCF_000308155.1_EptFus1.0/GCF_000308155.1_EptFus1.0_genomic.fna.gz,GenBank,RefSeq,N,/projects/pfenninggroup/machineLearningForComputationalBiology/regElEvoGrant/200MammalsFastas/GCF_000308155.1_EptFus1.0_genomic.fna,84,21392,13454942
44,Equus_asinus,Ass,Laurasiatheria,Genbank,66737,GCF_001305755.1,wget ftp://ftp.ncbi.nlm.nih.gov/genomes/all/GCF/001/305/755/GCF_001305755.1_ASM130575v1/GCF_001305755.1_ASM130575v1_genomic.fna.gz,GenBank,RefSeq,N,/projects/pfenninggroup/machineLearningForComputationalBiology/regElEvoGrant/200MammalsFastas/GCF_001305755.1_ASM130575v1_genomic.fna,42.4,66737,3776412
45,Equus_caballus,Horse,Laurasiatheria,Genbank,112381,GCF_000002305.2,wget ftp://ftp.ncbi.nlm.nih.gov/genomes/all/GCF/000/002/305/GCF_000002305.2_EquCab2.0/GCF_000002305.2_EquCab2.0_genomic.fna.gz,GenBank,RefSeq,N,/projects/pfenninggroup/machineLearningForComputationalBiology/regElEvoGrant/200MammalsFastas/GCF_000002305.2_EquCab2.0_genomic.fna,0,112381,46749900
46,Equus_przewalskii,Przewalski's horse,Laurasiatheria,Genbank,57610,GCF_000696695.1,wget ftp://ftp.ncbi.nlm.nih.gov/genomes/all/GCF/000/696/695/GCF_000696695.1_Burgud/GCF_000696695.1_Burgud_genomic.fna.gz,GenBank,RefSeq,N,/projects/pfenninggroup/machineLearningForComputationalBiology/regElEvoGrant/200MammalsFastas/GCF_000696695.1_Burgud_genomic.fna,85.63,57610,513800
47,Erinaceus_europaeus,West European Hedgehog,Laurasiatheria,Genbank,21359,GCF_000296755.1,wget ftp://ftp.ncbi.nlm.nih.gov/genomes/all/GCF/000/296/755/GCF_000296755.1_EriEur2.0/GCF_000296755.1_EriEur2.0_genomic.fna.gz,GenBank,RefSeq,N,/projects/pfenninggroup/machineLearningForComputationalBiology/regElEvoGrant/200MammalsFastas/GCF_000296755.1_EriEur2.0_genomic.fna,79,21359,3264618
48,Eulemur_flavifrons,Blue-eyed Black Lemur,Euarchonta,Genbank,27331,GCA_001262665.1,wget ftp://ftp.ncbi.nlm.nih.gov/genomes/all/GCA/001/262/665/GCA_001262665.1_Eflavifronsk33QCA/GCA_001262665.1_Eflavifronsk33QCA_genomic.fna.gz,GenBank,GenBank,Y,/projects/pfenninggroup/machineLearningForComputationalBiology/regElEvoGrant/200MammalsFastas/GCA_001262665.1_Eflavifronsk33QCA_genomic.fna,52,27331,413352
49,Felis_catus,Domestic Cat,Laurasiatheria,Genbank,45189,GCF_000181335.2,wget http://hgdownload.soe.ucsc.edu/goldenPath/felCat8/bigZips/felCat8.fa.gz,GenBank,UCSC,N,/projects/pfenninggroup/machineLearningForComputationalBiology/regElEvoGrant/200MammalsFastas/felCat8.fa,0,45189,18072971
50,Fukomys_damarensis,Damaraland mole-rat,Glire,Genbank,44830,GCF_000743615.1,wget ftp://ftp.ncbi.nlm.nih.gov/genomes/all/GCF/000/743/615/GCF_000743615.1_DMR_v1.0/GCF_000743615.1_DMR_v1.0_genomic.fna.gz,GenBank,RefSeq,N,/projects/pfenninggroup/machineLearningForComputationalBiology/regElEvoGrant/200MammalsFastas/GCF_000743615.1_DMR_v1.0_genomic.fna,140,44830,5314287
51,Giraffa_tippelskirchi,Giraffe,Laurasiatheria,Genbank,47894,GCA_001651235.1,wget ftp://ftp.ncbi.nlm.nih.gov/genomes/all/GCA/001/651/235/GCA_001651235.1_ASM165123v1/GCA_001651235.1_ASM165123v1_genomic.fna.gz,GenBank,GenBank,Y,/projects/pfenninggroup/machineLearningForComputationalBiology/regElEvoGrant/200MammalsFastas/GCA_001651235.1_ASM165123v1_genomic.fna,37,47894,212164
52,Gorilla_gorilla,Western Gorilla,Euarchonta,Genbank,9406846,GCA_900006655.3,wget ftp://ftp.ncbi.nlm.nih.gov/genomes/all/GCA/900/006/655/GCA_900006655.3_Susie3/GCA_900006655.3_Susie3_genomic.fna.gz,GenBank,GenBank,Y,/projects/pfenninggroup/machineLearningForComputationalBiology/regElEvoGrant/200MammalsFastas/GCA_900006655.3_Susie3_genomic.fna,75,9406846,20634945
53,Heterocephalus_glaber,Naked Mole-rat,Glire,Genbank,47778,GCF_000247695.1,wget ftp://ftp.ncbi.nlm.nih.gov/genomes/all/GCF/000/247/695/GCF_000247695.1_HetGla_female_1.0/GCF_000247695.1_HetGla_female_1.0_genomic.fna.gz,GenBank,RefSeq,N,/projects/pfenninggroup/machineLearningForComputationalBiology/regElEvoGrant/200MammalsFastas/GCF_000247695.1_HetGla_female_1.0_genomic.fna,90,47778,20532749
54,Hipposideros_armiger,Great Leaf-nosed Bat,Laurasiatheria,Genbank,39863,GCA_001890085.1,wget ftp://ftp.ncbi.nlm.nih.gov/genomes/all/GCF/001/890/085/GCF_001890085.1_ASM189008v1/GCF_001890085.1_ASM189008v1_genomic.fna.gz,GenBank,RefSeq,N,/projects/pfenninggroup/machineLearningForComputationalBiology/regElEvoGrant/200MammalsFastas/GCF_001890085.1_ASM189008v1_genomic.fna,218.6,39863,2328177
55,Homo_sapiens,Human,Euarchonta,Genbank,56413054,GCA_000001405.27,wget ftp://ftp.ncbi.nlm.nih.gov/genomes/all/GCF/000/001/405/GCF_000001405.38_GRCh38.p12/GCF_000001405.38_GRCh38.p12_genomic.fna.gz,UCSC,UCSC,Y,/projects/pfenninggroup/machineLearningForComputationalBiology/regElEvoGrant/200MammalsFastas/hg38.fa,0,56413054,59364414
56,Ictidomys_tridecemlineatus,thirteen-lined ground squirrel,Glire,Genbank,44137,GCF_000236235.1,wget ftp://ftp.ncbi.nlm.nih.gov/genomes/all/GCF/000/236/235/GCF_000236235.1_SpeTri2.0/GCF_000236235.1_SpeTri2.0_genomic.fna.gz,GenBank,RefSeq,N,/projects/pfenninggroup/machineLearningForComputationalBiology/regElEvoGrant/200MammalsFastas/GCF_000236235.1_SpeTri2.0_genomic.fna,495.1,44137,8192786
57,Jaculus_jaculus,Lesser Egyptian Jerboa,Glire,Genbank,15675,GCF_000280705.1,wget ftp://ftp.ncbi.nlm.nih.gov/genomes/all/GCF/000/280/705/GCF_000280705.1_JacJac1.0/GCF_000280705.1_JacJac1.0_genomic.fna.gz,GenBank,RefSeq,N,/projects/pfenninggroup/machineLearningForComputationalBiology/regElEvoGrant/200MammalsFastas/GCF_000280705.1_JacJac1.0_genomic.fna,78,15675,22080993
58,Leptonychotes_weddellii,Weddell Seal,Laurasiatheria,Genbank,23664,GCF_000349705.1,wget ftp://ftp.ncbi.nlm.nih.gov/genomes/all/GCF/000/349/705/GCF_000349705.1_LepWed1.0/GCF_000349705.1_LepWed1.0_genomic.fna.gz,GenBank,RefSeq,N,/projects/pfenninggroup/machineLearningForComputationalBiology/regElEvoGrant/200MammalsFastas/GCF_000349705.1_LepWed1.0_genomic.fna,82,23664,904031
59,Lipotes_vexillifer,Baiji,Laurasiatheria,Genbank,31902,GCF_000442215.1,wget ftp://ftp.ncbi.nlm.nih.gov/genomes/all/GCF/000/442/215/GCF_000442215.1_Lipotes_vexillifer_v1/GCF_000442215.1_Lipotes_vexillifer_v1_genomic.fna.gz,GenBank,RefSeq,N,/projects/pfenninggroup/machineLearningForComputationalBiology/regElEvoGrant/200MammalsFastas/GCF_000442215.1_Lipotes_vexillifer_v1_genomic.fna,115,31902,2419148
60,Loxodonta_africana,African Bush Elephant,Afrotheria,Genbank,69023,GCF_000001905.1,wget ftp://ftp.ncbi.nlm.nih.gov/genomes/all/GCF/000/001/905/GCF_000001905.1_Loxafr3.0/GCF_000001905.1_Loxafr3.0_genomic.fna.gz,GenBank,RefSeq,N,/projects/pfenninggroup/machineLearningForComputationalBiology/regElEvoGrant/200MammalsFastas/GCF_000001905.1_Loxafr3.0_genomic.fna,0,69023,46401353
61,Lycaon_pictus,African wild dog,Laurasiatheria,Genbank,5555,GCA_001887905.1,wget ftp://ftp.ncbi.nlm.nih.gov/genomes/all/GCA/001/887/905/GCA_001887905.1_LycPicSAfr1.0/GCA_001887905.1_LycPicSAfr1.0_genomic.fna.gz,GenBank,GenBank,Y,/projects/pfenninggroup/machineLearningForComputationalBiology/regElEvoGrant/200MammalsFastas/GCA_001887905.1_LycPicSAfr1.0_genomic.fna,5.7,5555,63240551
62,Macaca_fascicularis,Crab-eating Macaque,Euarchonta,Genbank,86040,GCF_000364345.1,wget ftp://ftp.ncbi.nlm.nih.gov/genomes/all/GCF/000/364/345/GCF_000364345.1_Macaca_fascicularis_5.0/GCF_000364345.1_Macaca_fascicularis_5.0_genomic.fna.gz,GenBank,RefSeq,N,/projects/pfenninggroup/machineLearningForComputationalBiology/regElEvoGrant/200MammalsFastas/GCF_000364345.1_Macaca_fascicularis_5.0_genomic.fna,68,86040,88649475
63,Macaca_mulatta,Rhesus Monkey,Euarchonta,Genbank,107156,GCF_000772875.2,wget ftp://ftp.ncbi.nlm.nih.gov/genomes/all/GCF/000/772/875/GCF_000772875.2_Mmul_8.0.1/GCF_000772875.2_Mmul_8.0.1_genomic.fna.gz,GenBank,RefSeq,N,/projects/pfenninggroup/machineLearningForComputationalBiology/regElEvoGrant/200MammalsFastas/GCF_000772875.2_Mmul_8.0.1_genomic.fna,47.4,107156,4193270
64,Macaca_nemestrina,Southern Pig-tailed Macaque,Euarchonta,Genbank,106897,GCF_000956065.1,wget ftp://ftp.ncbi.nlm.nih.gov/genomes/all/GCF/000/956/065/GCF_000956065.1_Mnem_1.0/GCF_000956065.1_Mnem_1.0_genomic.fna.gz,GenBank,RefSeq,N,/projects/pfenninggroup/machineLearningForComputationalBiology/regElEvoGrant/200MammalsFastas/GCF_000956065.1_Mnem_1.0_genomic.fna,113.1,106897,15219753
65,Mandrillus_leucophaeus,Drill,Euarchonta,Genbank,31346,GCF_000951045.1,wget ftp://ftp.ncbi.nlm.nih.gov/genomes/all/GCF/000/951/045/GCF_000951045.1_Mleu.le_1.0/GCF_000951045.1_Mleu.le_1.0_genomic.fna.gz,GenBank,RefSeq,N,/projects/pfenninggroup/machineLearningForComputationalBiology/regElEvoGrant/200MammalsFastas/GCF_000951045.1_Mleu.le_1.0_genomic.fna,117.2,31346,3186748
66,Manis_javanica,Sunda Pangolin,Laurasiatheria,Genbank,38922,GCF_001685135.1,wget ftp://ftp.ncbi.nlm.nih.gov/genomes/all/GCF/001/685/135/GCF_001685135.1_ManJav1.0/GCF_001685135.1_ManJav1.0_genomic.fna.gz,GenBank,RefSeq,N,/projects/pfenninggroup/machineLearningForComputationalBiology/regElEvoGrant/200MammalsFastas/GCF_001685135.1_ManJav1.0_genomic.fna,60,38922,204728
67,Manis_pentadactyla,Chinese Pangolin,Laurasiatheria,Genbank,28718,GCA_000738955.1,wget ftp://ftp.ncbi.nlm.nih.gov/genomes/all/GCA/000/738/955/GCA_000738955.1_M_pentadactyla-1.1.1/GCA_000738955.1_M_pentadactyla-1.1.1_genomic.fna.gz,GenBank,GenBank,Y,/projects/pfenninggroup/machineLearningForComputationalBiology/regElEvoGrant/200MammalsFastas/GCA_000738955.1_M_pentadactyla-1.1.1_genomic.fna,61,28718,117920
68,Marmota_marmota,Alpine Marmot,Glire,Genbank,66492,GCF_001458135.1,wget ftp://ftp.ncbi.nlm.nih.gov/genomes/all/GCF/001/458/135/GCF_001458135.1_marMar2.1/GCF_001458135.1_marMar2.1_genomic.fna.gz,GenBank,RefSeq,N,/projects/pfenninggroup/machineLearningForComputationalBiology/regElEvoGrant/200MammalsFastas/GCF_001458135.1_marMar2.1_genomic.fna,30,66492,31340621
69,Mesocricetus_auratus,Golden Hamster,Glire,Genbank,22511,GCF_000349665.1,wget ftp://ftp.ncbi.nlm.nih.gov/genomes/all/GCF/000/349/665/GCF_000349665.1_MesAur1.0/GCF_000349665.1_MesAur1.0_genomic.fna.gz,GenBank,RefSeq,N,/projects/pfenninggroup/machineLearningForComputationalBiology/regElEvoGrant/200MammalsFastas/GCF_000349665.1_MesAur1.0_genomic.fna,115,22511,12753307
70,Microcebus_murinus,Gray Mouse Lemur,Euarchonta,Genbank,210702,GCA_000165445.3,wget ftp://ftp.ncbi.nlm.nih.gov/genomes/all/GCF/000/165/445/GCF_000165445.2_Mmur_3.0/GCF_000165445.2_Mmur_3.0_genomic.fna.gz,GenBank,RefSeq,N,/projects/pfenninggroup/machineLearningForComputationalBiology/regElEvoGrant/200MammalsFastas/GCF_000165445.2_Mmur_3.0_genomic.fna,221.6,210702,108171978
71,Microtus_ochrogaster,Prairie Vole,Glire,Genbank,21250,GCF_000317375.1,wget ftp://ftp.ncbi.nlm.nih.gov/genomes/all/GCF/000/317/375/GCF_000317375.1_MicOch1.0/GCF_000317375.1_MicOch1.0_genomic.fna.gz,GenBank,RefSeq,N,/projects/pfenninggroup/machineLearningForComputationalBiology/regElEvoGrant/200MammalsFastas/GCF_000317375.1_MicOch1.0_genomic.fna,94,21250,17270019
72,Miniopterus_natalensis,Natal Long-fingered Bat,Laurasiatheria,Genbank,29777,GCF_001595765.1,wget ftp://ftp.ncbi.nlm.nih.gov/genomes/all/GCF/001/595/765/GCF_001595765.1_Mnat.v1/GCF_001595765.1_Mnat.v1_genomic.fna.gz,GenBank,RefSeq,N,/projects/pfenninggroup/machineLearningForComputationalBiology/regElEvoGrant/200MammalsFastas/GCF_001595765.1_Mnat.v1_genomic.fna,77,29777,4315193
73,Neomonachus_schauinslandi,Hawaiian Monk Seal,Laurasiatheria,Genbank,112698,GCA_002201575.1,wget ftp://ftp.ncbi.nlm.nih.gov/genomes/all/GCF/002/201/575/GCF_002201575.1_ASM220157v1/GCF_002201575.1_ASM220157v1_genomic.fna.gz,GenBank,RefSeq,N,/projects/pfenninggroup/machineLearningForComputationalBiology/regElEvoGrant/200MammalsFastas/GCF_002201575.1_ASM220157v1_genomic.fna,61,112698,29518589
74,Mus_caroli,Ryukyu Mouse,Glire,Genbank,30917,GCA_900094665.2,wget ftp://ftp.ncbi.nlm.nih.gov/genomes/all/GCF/900/094/665/GCF_900094665.1_CAROLI_EIJ_v1.1/GCF_900094665.1_CAROLI_EIJ_v1.1_genomic.fna.gz,GenBank,RefSeq,N,/projects/pfenninggroup/machineLearningForComputationalBiology/regElEvoGrant/200MammalsFastas/GCF_900094665.1_CAROLI_EIJ_v1.1_genomic.fna,60,30916,122627250
75,Mus_musculus,House Mouse,Glire,Genbank,32273079,GCF_000001635.26,wget ftp://ftp.ncbi.nlm.nih.gov/genomes/all/GCF/000/001/635/GCF_000001635.26_GRCm38.p6/GCF_000001635.26_GRCm38.p6_genomic.fna.gz,UCSC,UCSC,Y,/projects/pfenninggroup/machineLearningForComputationalBiology/regElEvoGrant/200MammalsFastas/mm10.fa,0,32273079,52589046
76,Mus_pahari,Shrew Mouse,Glire,Genbank,29465,GCA_900095145.2,wget ftp://ftp.ncbi.nlm.nih.gov/genomes/all/GCF/900/095/145/GCF_900095145.1_PAHARI_EIJ_v1.1/GCF_900095145.1_PAHARI_EIJ_v1.1_genomic.fna.gz,GenBank,RefSeq,N,/projects/pfenninggroup/machineLearningForComputationalBiology/regElEvoGrant/200MammalsFastas/GCF_900095145.1_PAHARI_EIJ_v1.1_genomic.fna,74,29465,111406228
77,Mus_spretus,Western Wild Mouse,Glire,Genbank,17887,GCA_001624865.1,wget ftp://ftp.ncbi.nlm.nih.gov/genomes/all/GCA/001/624/865/GCA_001624865.1_SPRET_EiJ_v1/GCA_001624865.1_SPRET_EiJ_v1_genomic.fna.gz,GenBank,GenBank,Y,/projects/pfenninggroup/machineLearningForComputationalBiology/regElEvoGrant/200MammalsFastas/GCA_001624865.1_SPRET_EiJ_v1_genomic.fna,60,17887,131945496
78,Mustela_putorius,European Polecat,Laurasiatheria,Genbank,66755,GCF_000239315.1,wget ftp://ftp.ncbi.nlm.nih.gov/genomes/all/GCF/000/239/315/GCF_000239315.1_MusPutFurMale1.0/GCF_000239315.1_MusPutFurMale1.0_genomic.fna.gz,GenBank,RefSeq,Y,/projects/pfenninggroup/machineLearningForComputationalBiology/regElEvoGrant/200MammalsFastas/GCF_000239315.1_MusPutFurMale1.0_genomic.fna,91.5,66755,9567452
79,Myotis_brandtii,Brandt's Myotis,Laurasiatheria,Genbank,23289,GCF_000412655.1,wget ftp://ftp.ncbi.nlm.nih.gov/genomes/all/GCF/000/412/655/GCF_000412655.1_ASM41265v1/GCF_000412655.1_ASM41265v1_genomic.fna.gz,GenBank,RefSeq,N,/projects/pfenninggroup/machineLearningForComputationalBiology/regElEvoGrant/200MammalsFastas/GCF_000412655.1_ASM41265v1_genomic.fna,120,23289,3225832
80,Myotis_davidii,David‚Äôs Myotis,Laurasiatheria,Genbank,15182,GCF_000327345.1,wget ftp://ftp.ncbi.nlm.nih.gov/genomes/all/GCF/000/327/345/GCF_000327345.1_ASM32734v1/GCF_000327345.1_ASM32734v1_genomic.fna.gz,GenBank,RefSeq,N,/projects/pfenninggroup/machineLearningForComputationalBiology/regElEvoGrant/200MammalsFastas/GCF_000327345.1_ASM32734v1_genomic.fna,110,15182,3454484
81,Myotis_lucifugus,Little Brown Myotis,Laurasiatheria,Genbank,64330,GCF_000147115.1,wget ftp://ftp.ncbi.nlm.nih.gov/genomes/all/GCF/000/147/115/GCF_000147115.1_Myoluc2.0/GCF_000147115.1_Myoluc2.0_genomic.fna.gz,GenBank,RefSeq,N,/projects/pfenninggroup/machineLearningForComputationalBiology/regElEvoGrant/200MammalsFastas/GCF_000147115.1_Myoluc2.0_genomic.fna,7,64330,4293315
82,Nannospalax_galili,Upper Galilee Mountains Blind Mole Rat,Glire,Genbank,30353,GCF_000622305.1,wget ftp://ftp.ncbi.nlm.nih.gov/genomes/all/GCF/000/622/305/GCF_000622305.1_S.galili_v1.0/GCF_000622305.1_S.galili_v1.0_genomic.fna.gz,GenBank,RefSeq,N,/projects/pfenninggroup/machineLearningForComputationalBiology/regElEvoGrant/200MammalsFastas/GCF_000622305.1_S.galili_v1.0_genomic.fna,86,30353,3618479
83,Neophocaena_asiaeorientalis,Narrow-ridged Finless Porpoise,Laurasiatheria,Genbank,86003,GCA_003031525.1,wget ftp://ftp.ncbi.nlm.nih.gov/genomes/all/GCF/003/031/525/GCF_003031525.1_Neophocaena_asiaeorientalis_V1/GCF_003031525.1_Neophocaena_asiaeorientalis_V1_genomic.fna.gz,GenBank,RefSeq,N,/projects/pfenninggroup/machineLearningForComputationalBiology/regElEvoGrant/200MammalsFastas/GCF_003031525.1_Neophocaena_asiaeorientalis_V1_genomic.fna,106,86003,6341296
84,Nomascus_leucogenys,Northern White-cheeked Gibbon,Euarchonta,Genbank,35148,GCF_000146795.2,wget ftp://ftp.ncbi.nlm.nih.gov/genomes/all/GCF/000/146/795/GCF_000146795.2_Nleu_3.0/GCF_000146795.2_Nleu_3.0_genomic.fna.gz,GenBank,RefSeq,N,/projects/pfenninggroup/machineLearningForComputationalBiology/regElEvoGrant/200MammalsFastas/GCF_000146795.2_Nleu_3.0_genomic.fna,5.6,35148,52956880
85,Ochotona_princeps,American Pika,Glire,Genbank,42347,GCF_000292845.1,wget ftp://ftp.ncbi.nlm.nih.gov/genomes/all/GCF/000/292/845/GCF_000292845.1_OchPri3.0/GCF_000292845.1_OchPri3.0_genomic.fna.gz,GenBank,RefSeq,N,/projects/pfenninggroup/machineLearningForComputationalBiology/regElEvoGrant/200MammalsFastas/GCF_000292845.1_OchPri3.0_genomic.fna,103,42347,26863993
86,Octodon_degus,Degu,Glire,Genbank,19847,GCF_000260255.1,wget ftp://ftp.ncbi.nlm.nih.gov/genomes/all/GCF/000/260/255/GCF_000260255.1_OctDeg1.0/GCF_000260255.1_OctDeg1.0_genomic.fna.gz,GenBank,RefSeq,N,/projects/pfenninggroup/machineLearningForComputationalBiology/regElEvoGrant/200MammalsFastas/GCF_000260255.1_OctDeg1.0_genomic.fna,80,19847,12091372
87,Odobenus_rosmarus,Walrus,Laurasiatheria,Genbank,89951,GCF_000321225.1,wget ftp://ftp.ncbi.nlm.nih.gov/genomes/all/GCF/000/321/225/GCF_000321225.1_Oros_1.0/GCF_000321225.1_Oros_1.0_genomic.fna.gz,GenBank,RefSeq,N,/projects/pfenninggroup/machineLearningForComputationalBiology/regElEvoGrant/200MammalsFastas/GCF_000321225.1_Oros_1.0_genomic.fna,200,89951,2616778
88,Odocoileus_virginianus,White-tailed Deer,Laurasiatheria,Genbank,122019,GCA_002102435.1,wget ftp://ftp.ncbi.nlm.nih.gov/genomes/all/GCF/002/102/435/GCF_002102435.1_Ovir.te_1.0/GCF_002102435.1_Ovir.te_1.0_genomic.fna.gz,GenBank,RefSeq,N,/projects/pfenninggroup/machineLearningForComputationalBiology/regElEvoGrant/200MammalsFastas/GCF_002102435.1_Ovir.te_1.0_genomic.fna,150,122019,850721
89,Okapia_johnstoni,Okapi,Laurasiatheria,Genbank,39571,GCA_001660835.1,wget ftp://ftp.ncbi.nlm.nih.gov/genomes/all/GCA/001/660/835/GCA_001660835.1_ASM166083v1/GCA_001660835.1_ASM166083v1_genomic.fna.gz,GenBank,GenBank,Y,/projects/pfenninggroup/machineLearningForComputationalBiology/regElEvoGrant/200MammalsFastas/GCA_001660835.1_ASM166083v1_genomic.fna,30,39571,111538
90,Orcinus_orca,Killer Whale,Laurasiatheria,Genbank,70300,GCF_000331955.2,wget ftp://ftp.ncbi.nlm.nih.gov/genomes/all/GCF/000/331/955/GCF_000331955.2_Oorc_1.1/GCF_000331955.2_Oorc_1.1_genomic.fna.gz,GenBank,RefSeq,N,/projects/pfenninggroup/machineLearningForComputationalBiology/regElEvoGrant/200MammalsFastas/GCF_000331955.2_Oorc_1.1_genomic.fna,200,70300,12735091
91,Oryctolagus_cuniculus,European Rabbit,Glire,Genbank,64648,GCF_000003625.3,wget ftp://ftp.ncbi.nlm.nih.gov/genomes/all/GCF/000/003/625/GCF_000003625.3_OryCun2.0/GCF_000003625.3_OryCun2.0_genomic.fna.gz,GenBank,RefSeq,N,/projects/pfenninggroup/machineLearningForComputationalBiology/regElEvoGrant/200MammalsFastas/GCF_000003625.3_OryCun2.0_genomic.fna,0,64648,35972871
92,Otolemur_garnettii,Northern Greater Galago,Euarchonta,Genbank,27100,GCF_000181295.1,wget ftp://ftp.ncbi.nlm.nih.gov/genomes/all/GCF/000/181/295/GCF_000181295.1_OtoGar3/GCF_000181295.1_OtoGar3_genomic.fna.gz,GenBank,RefSeq,N,/projects/pfenninggroup/machineLearningForComputationalBiology/regElEvoGrant/200MammalsFastas/GCF_000181295.1_OtoGar3_genomic.fna,137,27100,13852661
93,Ovis_aries,Red Sheep,Laurasiatheria,Genbank,150472,GCF_000298735.2,wget ftp://ftp.ncbi.nlm.nih.gov/genomes/all/GCF/000/298/735/GCF_000298735.2_Oar_v4.0/GCF_000298735.2_Oar_v4.0_genomic.fna.gz,GenBank,RefSeq,N,/projects/pfenninggroup/machineLearningForComputationalBiology/regElEvoGrant/200MammalsFastas/GCF_000298735.2_Oar_v4.0_genomic.fna,166,150472,100009711
94,Pan_paniscus,Bonobo,Euarchonta,Genbank,66676,GCF_000258655.2,wget ftp://ftp.ncbi.nlm.nih.gov/genomes/all/GCF/000/258/655/GCF_000258655.2_panpan1.1/GCF_000258655.2_panpan1.1_genomic.fna.gz,GenBank,RefSeq,N,/projects/pfenninggroup/machineLearningForComputationalBiology/regElEvoGrant/200MammalsFastas/GCF_000258655.2_panpan1.1_genomic.fna,26,66676,8197324
95,Pan_troglodytes,Common Chimpanzee,Euarchonta,Genbank,12421315,GCA_002880755.3,wget ftp://ftp.ncbi.nlm.nih.gov/genomes/all/GCF/002/880/755/GCF_002880755.1_Clint_PTRv2/GCF_002880755.1_Clint_PTRv2_genomic.fna.gz,GenBank,RefSeq,N,/projects/pfenninggroup/machineLearningForComputationalBiology/regElEvoGrant/200MammalsFastas/GCF_002880755.1_Clint_PTRv2_genomic.fna,124,12268567,53103722
96,Panthera_pardus,Leopard,Laurasiatheria,Genbank,20993,GCA_001857705.1,wget ftp://ftp.ncbi.nlm.nih.gov/genomes/all/GCF/001/857/705/GCF_001857705.1_PanPar1.0/GCF_001857705.1_PanPar1.0_genomic.fna.gz,GenBank,RefSeq,N,/projects/pfenninggroup/machineLearningForComputationalBiology/regElEvoGrant/200MammalsFastas/GCF_001857705.1_PanPar1.0_genomic.fna,158.5,20993,21701857
97,Panthera_tigris,Tiger,Laurasiatheria,Genbank,30032,GCF_000464555.1,wget ftp://ftp.ncbi.nlm.nih.gov/genomes/all/GCF/000/464/555/GCF_000464555.1_PanTig1.0/GCF_000464555.1_PanTig1.0_genomic.fna.gz,GenBank,RefSeq,N,/projects/pfenninggroup/machineLearningForComputationalBiology/regElEvoGrant/200MammalsFastas/GCF_000464555.1_PanTig1.0_genomic.fna,99,30032,8860407
98,Pantholops_hodgsonii,Chiru,Laurasiatheria,Genbank,18674,GCF_000400835.1,wget ftp://ftp.ncbi.nlm.nih.gov/genomes/all/GCF/000/400/835/GCF_000400835.1_PHO1.0/GCF_000400835.1_PHO1.0_genomic.fna.gz,GenBank,RefSeq,N,/projects/pfenninggroup/machineLearningForComputationalBiology/regElEvoGrant/200MammalsFastas/GCF_000400835.1_PHO1.0_genomic.fna,67,18674,2772860
99,Papio_anubis,Olive Baboon,Euarchonta,Genbank,149817,GCA_000264685.2,wget ftp://ftp.ncbi.nlm.nih.gov/genomes/all/GCF/000/264/685/GCF_000264685.3_Panu_3.0/GCF_000264685.3_Panu_3.0_genomic.fna.gz,GenBank,RefSeq,N,/projects/pfenninggroup/machineLearningForComputationalBiology/regElEvoGrant/200MammalsFastas/GCF_000264685.3_Panu_3.0_genomic.fna,104,149817,585721
100,Peromyscus_maniculatus,North American Deer Mouse,Glire,Genbank,9502,GCF_000500345.1,wget ftp://ftp.ncbi.nlm.nih.gov/genomes/all/GCF/000/500/345/GCF_000500345.1_Pman_1.0/GCF_000500345.1_Pman_1.0_genomic.fna.gz,GenBank,RefSeq,N,/projects/pfenninggroup/machineLearningForComputationalBiology/regElEvoGrant/200MammalsFastas/GCF_000500345.1_Pman_1.0_genomic.fna,110,36367,3760915
101,Piliocolobus_tephrosceles,Ugandan Red Colobus,Euarchonta,Genbank,70213,GCA_002776525.1,wget ftp://ftp.ncbi.nlm.nih.gov/genomes/all/GCF/002/776/525/GCF_002776525.1_ASM277652v1/GCF_002776525.1_ASM277652v1_genomic.fna.gz,GenBank,RefSeq,N,/projects/pfenninggroup/machineLearningForComputationalBiology/regElEvoGrant/200MammalsFastas/GCF_002776525.1_ASM277652v1_genomic.fna,38.61,70213,10172280
102,Pongo_abelii,Sumatran Orangutan,Euarchonta,Genbank,11074009,GCA_002880775.3,wget ftp://ftp.ncbi.nlm.nih.gov/genomes/all/GCF/002/880/775/GCF_002880775.1_Susie_PABv2/GCF_002880775.1_Susie_PABv2_genomic.fna.gz,GenBank,RefSeq,N,/projects/pfenninggroup/machineLearningForComputationalBiology/regElEvoGrant/200MammalsFastas/GCF_002880775.1_Susie_PABv2_genomic.fna,101.2,11074009,98475126
103,Propithecus_coquereli,Coquerel‚Äôs Sifaka,Euarchonta,Genbank,28129,GCF_000956105.1,wget ftp://ftp.ncbi.nlm.nih.gov/genomes/all/GCF/000/956/105/GCF_000956105.1_Pcoq_1.0/GCF_000956105.1_Pcoq_1.0_genomic.fna.gz,GenBank,RefSeq,N,/projects/pfenninggroup/machineLearningForComputationalBiology/regElEvoGrant/200MammalsFastas/GCF_000956105.1_Pcoq_1.0_genomic.fna,104.7,28129,5604909
104,Psammomys_obesus,Fat Sand Rat,Glire,Genbank,76398,GCA_002215935.1,wget ftp://ftp.ncbi.nlm.nih.gov/genomes/all/GCA/002/215/935/GCA_002215935.1_ASM221593v1/GCA_002215935.1_ASM221593v1_genomic.fna.gz,GenBank,GenBank,Y,/projects/pfenninggroup/machineLearningForComputationalBiology/regElEvoGrant/200MammalsFastas/GCA_002215935.1_ASM221593v1_genomic.fna,87.6,76398,76398
105,Pteronotus_parnellii,Common Mustached Bat,Laurasiatheria,Genbank,9502,GCA_000465405.1,wget ftp://ftp.ncbi.nlm.nih.gov/genomes/all/GCA/000/465/405/GCA_000465405.1_ASM46540v1/GCA_000465405.1_ASM46540v1_genomic.fna.gz,GenBank,GenBank,Y,/projects/pfenninggroup/machineLearningForComputationalBiology/regElEvoGrant/200MammalsFastas/GCA_000465405.1_ASM46540v1_genomic.fna,17,9502,22675
106,Pteropus_alecto,Black Flying Fox,Laurasiatheria,Genbank,31841,GCF_000325575.1,wget ftp://ftp.ncbi.nlm.nih.gov/genomes/all/GCF/000/325/575/GCF_000325575.1_ASM32557v1/GCF_000325575.1_ASM32557v1_genomic.fna.gz,GenBank,RefSeq,N,/projects/pfenninggroup/machineLearningForComputationalBiology/regElEvoGrant/200MammalsFastas/GCF_000325575.1_ASM32557v1_genomic.fna,110,31841,15954802
107,Pteropus_vampyrus,Large Flying Fox,Laurasiatheria,Genbank,21866,GCF_000151845.1,wget ftp://ftp.ncbi.nlm.nih.gov/genomes/all/GCF/000/151/845/GCF_000151845.1_Pvam_2.0/GCF_000151845.1_Pvam_2.0_genomic.fna.gz,GenBank,RefSeq,N,/projects/pfenninggroup/machineLearningForComputationalBiology/regElEvoGrant/200MammalsFastas/GCF_000151845.1_Pvam_2.0_genomic.fna,188,21866,5954017
108,Puma_concolor,Cougar,Laurasiatheria,200M,15667,GCF_003327715.1,wget ftp://ftp.ncbi.nlm.nih.gov/genomes/all/GCF/003/327/715/GCF_003327715.1_PumCon1.0/GCF_003327715.1_PumCon1.0_genomic.fna.gz,GenBank,RefSeq,N,/projects/pfenninggroup/machineLearningForComputationalBiology/regElEvoGrant/200MammalsFastas/GCF_003327715.1_PumCon1.0_genomic.fna,47,27187,100532876
109,Rattus_norvegicus,Norway Rat,Glire,Genbank,100461,GCF_000001895.5,wget ftp://ftp.ncbi.nlm.nih.gov/genomes/all/GCF/000/001/895/GCF_000001895.5_Rnor_6.0/GCF_000001895.5_Rnor_6.0_genomic.fna.gz,UCSC,UCSC,Y,/projects/pfenninggroup/machineLearningForComputationalBiology/regElEvoGrant/200MammalsFastas/rn6.fa,0,100461,14986627
110,Rhinolophus_sinicus,Chinese Rufous Horseshoe Bat,Laurasiatheria,Genbank,37803,GCA_001888835.1,wget https://sra-download.ncbi.nlm.nih.gov/traces/wgs03/wgs_aux/LV/EH/LVEH01/LVEH01.*.fsa_nt.gz,GenBank,GenBank,Y,/projects/pfenninggroup/machineLearningForComputationalBiology/regElEvoGrant/200MammalsFastas/GCA_001888835.1_ASM188883v1_genomic.fna,146.44,37803,3754400
111,Rhinopithecus_bieti,Black Snub-nosed Monkey,Euarchonta,Genbank,36417,GCF_001698545.1,wget ftp://ftp.ncbi.nlm.nih.gov/genomes/all/GCF/001/698/545/GCF_001698545.1_ASM169854v1/GCF_001698545.1_ASM169854v1_genomic.fna.gz,GenBank,RefSeq,N,/projects/pfenninggroup/machineLearningForComputationalBiology/regElEvoGrant/200MammalsFastas/GCF_001698545.1_ASM169854v1_genomic.fna,76.6,36417,2225337
112,Rhinopithecus_roxellana,Golden Snub-nosed Monkey,Euarchonta,Genbank,77151,GCF_000769185.1,wget ftp://ftp.ncbi.nlm.nih.gov/genomes/all/GCF/000/769/185/GCF_000769185.1_Rrox_v1/GCF_000769185.1_Rrox_v1_genomic.fna.gz,GenBank,RefSeq,N,/projects/pfenninggroup/machineLearningForComputationalBiology/regElEvoGrant/200MammalsFastas/GCF_000769185.1_Rrox_v1_genomic.fna,53.7,77151,1549224
113,Saimiri_boliviensis,Black-capped Squirrel Monkey,Euarchonta,Genbank,38823,GCF_000235385.1,wget ftp://ftp.ncbi.nlm.nih.gov/genomes/all/GCF/000/235/385/GCF_000235385.1_SaiBol1.0/GCF_000235385.1_SaiBol1.0_genomic.fna.gz,GenBank,RefSeq,N,/projects/pfenninggroup/machineLearningForComputationalBiology/regElEvoGrant/200MammalsFastas/GCF_000235385.1_SaiBol1.0_genomic.fna,80,38823,18744880
114,Sorex_araneus,Common Shrew,Laurasiatheria,Genbank,22623,GCF_000181275.1,wget ftp://ftp.ncbi.nlm.nih.gov/genomes/all/GCF/000/181/275/GCF_000181275.1_SorAra2.0/GCF_000181275.1_SorAra2.0_genomic.fna.gz,GenBank,RefSeq,N,/projects/pfenninggroup/machineLearningForComputationalBiology/regElEvoGrant/200MammalsFastas/GCF_000181275.1_SorAra2.0_genomic.fna,120,22623,22794405
115,Spermophilus_dauricus,Daurian Ground Squirrel,Glire,Genbank,34849,GCA_002406435.1,wget ftp://ftp.ncbi.nlm.nih.gov/genomes/all/GCA/002/406/435/GCA_002406435.1_ASM240643v1/GCA_002406435.1_ASM240643v1_genomic.fna.gz,GenBank,GenBank,Y,/projects/pfenninggroup/machineLearningForComputationalBiology/regElEvoGrant/200MammalsFastas/GCA_002406435.1_ASM240643v1_genomic.fna,132.3,34849,1761345
116,Sus_scrofa,Wild Boar,Laurasiatheria,Genbank,69474,GCF_000003025.5,wget http://hgdownload.soe.ucsc.edu/goldenPath/susScr3/bigZips/susScr3.fa.gz,GenBank,UCSC,N,/projects/pfenninggroup/machineLearningForComputationalBiology/regElEvoGrant/200MammalsFastas/susScr3.fa,24,69503,576008
117,Trichechus_manatus,West Indian Manatee,Afrotheria,Genbank,37750,GCF_000243295.1,wget ftp://ftp.ncbi.nlm.nih.gov/genomes/all/GCF/000/243/295/GCF_000243295.1_TriManLat1.0/GCF_000243295.1_TriManLat1.0_genomic.fna.gz,GenBank,RefSeq,N,/projects/pfenninggroup/machineLearningForComputationalBiology/regElEvoGrant/200MammalsFastas/GCF_000243295.1_TriManLat1.0_genomic.fna,150,37750,14442683
118,Tupaia_chinensis,Chinese Tree Shrew,Euarchonta,Genbank,25938,GCF_000334495.1,wget ftp://ftp.ncbi.nlm.nih.gov/genomes/all/GCF/000/334/495/GCF_000334495.1_TupChi_1.0/GCF_000334495.1_TupChi_1.0_genomic.fna.gz,GenBank,RefSeq,N,/projects/pfenninggroup/machineLearningForComputationalBiology/regElEvoGrant/200MammalsFastas/GCF_000334495.1_TupChi_1.0_genomic.fna,80,25938,3670124
119,Tursiops_truncatus,Bottlenose Dolphin,Laurasiatheria,Genbank,44302,GCA_001922835.1,wget ftp://ftp.ncbi.nlm.nih.gov/genomes/all/GCF/001/922/835/GCF_001922835.1_NIST_Tur_tru_v1/GCF_001922835.1_NIST_Tur_tru_v1_genomic.fna.gz,GenBank,RefSeq,N,/projects/pfenninggroup/machineLearningForComputationalBiology/regElEvoGrant/200MammalsFastas/GCF_001922835.1_NIST_Tur_tru_v1_genomic.fna,114.5,44299,26555543
120,Ursus_maritimus,Polar Bear,Laurasiatheria,Genbank,46506,GCF_000687225.1,wget ftp://ftp.ncbi.nlm.nih.gov/genomes/all/GCF/000/687/225/GCF_000687225.1_UrsMar_1.0/GCF_000687225.1_UrsMar_1.0_genomic.fna.gz,GenBank,RefSeq,N,/projects/pfenninggroup/machineLearningForComputationalBiology/regElEvoGrant/200MammalsFastas/GCF_000687225.1_UrsMar_1.0_genomic.fna,101,46506,15940661
121,Vicugna_pacos,Alpaca,Laurasiatheria,Genbank,213649,GCA_000767525.1,wget ftp://ftp.ncbi.nlm.nih.gov/genomes/all/GCA/000/767/525/GCA_000767525.1_Vi_pacos_V1.0/GCA_000767525.1_Vi_pacos_V1.0_genomic.fna.gz,GenBank,GenBank,Y,/projects/pfenninggroup/machineLearningForComputationalBiology/regElEvoGrant/200MammalsFastas/GCA_000767525.1_Vi_pacos_V1.0_genomic.fna,72.5,213649,5303709
122,Acomys_cahirinus,Cairo Spiny Mouse,Glire,200M,44337,DISCOVAR (GCA_004027535.1),wget ftp://ftp.ncbi.nlm.nih.gov/genomes/all/GCA/004/027/535/GCA_004027535.1_AcoCah_v1_BIUU/GCA_004027535.1_AcoCah_v1_BIUU_genomic.fna.gz,Sequence-Name,GenBank,N,/projects/pfenninggroup/machineLearningForComputationalBiology/regElEvoGrant/200MammalsFastas/GCA_004027535.1_AcoCah_v1_BIUU_genomic.fna,32.7,42476,65411
123,Allactaga_bullata,Gobi Jerboa,Glire,200M,37276,DISCOVAR (GCA_004027895.1),wget ftp://ftp.ncbi.nlm.nih.gov/genomes/all/GCA/004/027/895/GCA_004027895.1_AllBul_v1_BIUU/GCA_004027895.1_AllBul_v1_BIUU_genomic.fna.gz,Sequence-Name,GenBank,N,/projects/pfenninggroup/machineLearningForComputationalBiology/regElEvoGrant/200MammalsFastas/GCA_004027895.1_AllBul_v1_BIUU_genomic.fna,29.1,30651,36308
124,Alouatta_palliata,Mexican Howler Monkey,Euarchonta,200M,59476,DISCOVAR (GCA_004027835.1),wget ftp://ftp.ncbi.nlm.nih.gov/genomes/all/GCA/004/027/835/GCA_004027835.1_AloPal_v1_BIUU/GCA_004027835.1_AloPal_v1_BIUU_genomic.fna.gz,Sequence-Name,GenBank,N,/projects/pfenninggroup/machineLearningForComputationalBiology/regElEvoGrant/200MammalsFastas/GCA_004027835.1_AloPal_v1_BIUU_genomic.fna,43.1,51304,72427
125,Anoura_caudifer,Tailed tailless bat,Laurasiatheria,200M,150858,DISCOVAR (GCA_004027475.1),wget ftp://ftp.ncbi.nlm.nih.gov/genomes/all/GCA/004/027/475/GCA_004027475.1_AnoCau_v1_BIUU/GCA_004027475.1_AnoCau_v1_BIUU_genomic.fna.gz,Sequence-Name,GenBank,N,/projects/pfenninggroup/machineLearningForComputationalBiology/regElEvoGrant/200MammalsFastas/GCA_004027475.1_AnoCau_v1_BIUU_genomic.fna,52.5,143417,185021
126,Antilocapra_americana,Pronghorn,Laurasiatheria,200M,75180,DISCOVAR (GCA_004027515.1),wget ftp://ftp.ncbi.nlm.nih.gov/genomes/all/GCA/004/027/515/GCA_004027515.1_AntAmePen_v1_BIUU/GCA_004027515.1_AntAmePen_v1_BIUU_genomic.fna.gz,Sequence-Name,GenBank,N,/projects/pfenninggroup/machineLearningForComputationalBiology/regElEvoGrant/200MammalsFastas/GCA_004027515.1_AntAmePen_v1_BIUU_genomic.fna,49.3,59271,70316
127,Aplodontia_rufa,Mountain Beaver,Glire,200M,40591,DISCOVAR (GCA_004027875.1),wget ftp://ftp.ncbi.nlm.nih.gov/genomes/all/GCA/004/027/875/GCA_004027875.1_AplRuf_v1_BIUU/GCA_004027875.1_AplRuf_v1_BIUU_genomic.fna.gz,Sequence-Name,GenBank,N,/projects/pfenninggroup/machineLearningForComputationalBiology/regElEvoGrant/200MammalsFastas/GCA_004027875.1_AplRuf_v1_BIUU_genomic.fna,30.6,33245,37811
128,Artibeus_jamaicensis,Jamacian Fruit-eating Bat,Laurasiatheria,200M,37407,DISCOVAR (GCA_004027435.1),wget ftp://ftp.ncbi.nlm.nih.gov/genomes/all/GCA/004/027/435/GCA_004027435.1_ArtJam_v1_BIUU/GCA_004027435.1_ArtJam_v1_BIUU_genomic.fna.gz,Sequence-Name,GenBank,N,/projects/pfenninggroup/machineLearningForComputationalBiology/regElEvoGrant/200MammalsFastas/GCA_004027435.1_ArtJam_v1_BIUU_genomic.fna,30.2,32365,35347
129,Ateles_geoffroyi,Geoffroy's Spider Monkey,Euarchonta,200M,66331,DISCOVAR (GCA_004024785.1),wget ftp://ftp.ncbi.nlm.nih.gov/genomes/all/GCA/004/024/785/GCA_004024785.1_AteGeo_v1_BIUU/GCA_004024785.1_AteGeo_v1_BIUU_genomic.fna.gz,Sequence-Name,GenBank,N,/projects/pfenninggroup/machineLearningForComputationalBiology/regElEvoGrant/200MammalsFastas/GCA_004024785.1_AteGeo_v1_BIUU_genomic.fna,60,59033,73111
130,Beatragus_hunteri,Hunter's Hartebeest,Laurasiatheria,200M,60436,DISCOVAR (GCA_004027495.1),wget ftp://ftp.ncbi.nlm.nih.gov/genomes/all/GCA/004/027/495/GCA_004027495.1_BeaHun_v1_BIUU/GCA_004027495.1_BeaHun_v1_BIUU_genomic.fna.gz,Sequence-Name,GenBank,N,/projects/pfenninggroup/machineLearningForComputationalBiology/regElEvoGrant/200MammalsFastas/GCA_004027495.1_BeaHun_v1_BIUU_genomic.fna,23.1,57444,69303
131,Canis_lupus,Wolf,Laurasiatheria,Genbank,267478,DISCOVAR,Could not find genome,N/A,N/A,N/A,N/A,-1,-1,-1
132,Capromys_pilorides,Desmarest's Hutia,Glire,200M,6891,DISCOVAR (GCA_004027915.1),wget ftp://ftp.ncbi.nlm.nih.gov/genomes/all/GCA/004/027/915/GCA_004027915.1_CapPil_v1_BIUU/GCA_004027915.1_CapPil_v1_BIUU_genomic.fna.gz,Sequence-Name,GenBank,N,/projects/pfenninggroup/machineLearningForComputationalBiology/regElEvoGrant/200MammalsFastas/GCA_004027915.1_CapPil_v1_BIUU_genomic.fna,26.1,4080,4081
133,Carlito_syrichta,Philippine Tarsier,Euarchonta,200M,38472,DISCOVAR,Could not find genome,N/A,N/A,N/A,N/A,-1,-1,-1
134,Carollia_perspicillata,Seba's short-tailed bat,Laurasiatheria,200M,17377,DISCOVAR (GCA_004027735.1),wget ftp://ftp.ncbi.nlm.nih.gov/genomes/all/GCA/004/027/735/GCA_004027735.1_CarPer_v1_BIUU/GCA_004027735.1_CarPer_v1_BIUU_genomic.fna.gz,Sequence-Name,GenBank,N,/projects/pfenninggroup/machineLearningForComputationalBiology/regElEvoGrant/200MammalsFastas/GCA_004027735.1_CarPer_v1_BIUU_genomic.fna,27.7,10341,10739
135,Castor_canadensis,North American Beaver,Glire,200M,55022,DISCOVAR (GCA_004027675.1),wget https://sra-download.ncbi.nlm.nih.gov/traces/wgs03/wgs_aux/PV/KL/PVKL01/PVKL01.*.fsa_nt.gz,Sequence-Name,GenBank,N,/projects/pfenninggroup/machineLearningForComputationalBiology/regElEvoGrant/200MammalsFastas/GCA_004027675.1_CasCan_v1_BIUU_genomic.fna,30.4,49369,55723
136,Catagonus_wagneri,Chacoan peccary,Laurasiatheria,200M,77783,DISCOVAR (GCA_004024745.1),wget ftp://ftp.ncbi.nlm.nih.gov/genomes/all/GCA/004/024/745/GCA_004024745.1_CatWag_v1_BIUU/GCA_004024745.1_CatWag_v1_BIUU_genomic.fna.gz,Sequence-Name,GenBank,N,/projects/pfenninggroup/machineLearningForComputationalBiology/regElEvoGrant/200MammalsFastas/GCA_004024745.1_CatWag_v1_BIUU_genomic.fna,87.1,66027,91723
137,Cavia_tschudii,Montane guinea pig,Glire,200M,79889,DISCOVAR (GCA_004027695.1),wget ftp://ftp.ncbi.nlm.nih.gov/genomes/all/GCA/004/027/695/GCA_004027695.1_CavTsc_v1_BIUU/GCA_004027695.1_CavTsc_v1_BIUU_genomic.fna.gz,Sequence-Name,GenBank,N,/projects/pfenninggroup/machineLearningForComputationalBiology/regElEvoGrant/200MammalsFastas/GCA_004027695.1_CavTsc_v1_BIUU_genomic.fna,34.8,64807,91436
138,Cebus_albifrons,White-fronted Capuchin,Euarchonta,200M,31522,DISCOVAR (GCA_004027755.1),wget ftp://ftp.ncbi.nlm.nih.gov/genomes/all/GCA/004/027/755/GCA_004027755.1_CebAlb_v1_BIUU/GCA_004027755.1_CebAlb_v1_BIUU_genomic.fna.gz,Sequence-Name,GenBank,N,/projects/pfenninggroup/machineLearningForComputationalBiology/regElEvoGrant/200MammalsFastas/GCA_004027755.1_CebAlb_v1_BIUU_genomic.fna,28.8,25652,31156
139,Ceratotherium_simum_cottoni,Northern White Rhino,Laurasiatheria,200M,23748,DISCOVAR (GCA_004027795.1),wget https://sra-download.ncbi.nlm.nih.gov/traces/wgs03/wgs_aux/PV/LE/PVLE01/PVLE01.*.fsa_nt.gz,Sequence-Name,GenBank,N,/projects/pfenninggroup/machineLearningForComputationalBiology/regElEvoGrant/200MammalsFastas/GCA_004027795.1_CerCot_v1_BIUU_genomic.fna,29.2,21199,23005
140,Cercopithecus_neglectus,De Brazza's Monkey,Euarchonta,200M,13610,DISCOVAR (GCA_004027615.1),wget ftp://ftp.ncbi.nlm.nih.gov/genomes/all/GCA/004/027/615/GCA_004027615.1_CertNeg_v1_BIUU/GCA_004027615.1_CertNeg_v1_BIUU_genomic.fna.gz,Sequence-Name,GenBank,N,/projects/pfenninggroup/machineLearningForComputationalBiology/regElEvoGrant/200MammalsFastas/GCA_004027615.1_CertNeg_v1_BIUU_genomic.fna,27.5,9789,10270
141,Chaetophractus_vellerosus,Screaming Hairy Armadillo,Xenarthra,200M,5322,DISCOVAR (GCA_004027955.1),wget ftp://ftp.ncbi.nlm.nih.gov/genomes/all/GCA/004/027/955/GCA_004027955.1_ChaVel_v1_BIUU/GCA_004027955.1_ChaVel_v1_BIUU_genomic.fna.gz,Sequence-Name,GenBank,N,/projects/pfenninggroup/machineLearningForComputationalBiology/regElEvoGrant/200MammalsFastas/GCA_004027955.1_ChaVel_v1_BIUU_genomic.fna,22.9,1606,1606
142,Cheirogaleus_medius,Fat-tailed Dwarf Lemur,Euarchonta,200M,98513,DISCOVAR (GCA_004024725.1),wget ftp://ftp.ncbi.nlm.nih.gov/genomes/all/GCA/004/024/725/GCA_004024725.1_CheMed_v1_BIUU/GCA_004024725.1_CheMed_v1_BIUU_genomic.fna.gz,Sequence-Name,GenBank,N,/projects/pfenninggroup/machineLearningForComputationalBiology/regElEvoGrant/200MammalsFastas/GCA_004024725.1_CheMed_v1_BIUU_genomic.fna,64.9,90923,118572
143,Choloepus_didactylus,Linnaeus's Two Toed Sloth,Xenarthra,200M,10107,DISCOVAR (GCA_004027855.1),wget ftp://ftp.ncbi.nlm.nih.gov/genomes/all/GCA/004/027/855/GCA_004027855.1_ChoDid_v1_BIUU/GCA_004027855.1_ChoDid_v1_BIUU_genomic.fna.gz,Sequence-Name,GenBank,N,/projects/pfenninggroup/machineLearningForComputationalBiology/regElEvoGrant/200MammalsFastas/GCA_004027855.1_ChoDid_v1_BIUU_genomic.fna,19.6,7167,7289
144,Chrysochloris_asiatica,Cape Golden Mole,Afrotheria,200M,9805,DISCOVAR (GCA_004027935.1),wget https://sra-download.ncbi.nlm.nih.gov/traces/wgs03/wgs_aux/PV/KF/PVKF01/PVKF01.*.fsa_nt.gz,Sequence-Name,GenBank,N,/projects/pfenninggroup/machineLearningForComputationalBiology/regElEvoGrant/200MammalsFastas/GCA_004027935.1_ChrAsi_v1_BIUU_genomic.fna,25,6444,6492
145,Craseonycteris_thonglongyai,Bumblebee Bat,Laurasiatheria,200M,28297,DISCOVAR (GCA_004027555.1),wget ftp://ftp.ncbi.nlm.nih.gov/genomes/all/GCA/004/027/555/GCA_004027555.1_CraTho_v1_BIUU/GCA_004027555.1_CraTho_v1_BIUU_genomic.fna.gz,Sequence-Name,GenBank,N,/projects/pfenninggroup/machineLearningForComputationalBiology/regElEvoGrant/200MammalsFastas/GCA_004027555.1_CraTho_v1_BIUU_genomic.fna,52.2,23218,25762
146,Cricetomys_gambianus,Gambian pouched rat,Glire,200M,100332,DISCOVAR (GCA_004027575.1),wget ftp://ftp.ncbi.nlm.nih.gov/genomes/all/GCA/004/027/575/GCA_004027575.1_CriGam_v1_BIUU/GCA_004027575.1_CriGam_v1_BIUU_genomic.fna.gz,Sequence-Name,GenBank,N,/projects/pfenninggroup/machineLearningForComputationalBiology/regElEvoGrant/200MammalsFastas/GCA_004027575.1_CriGam_v1_BIUU_genomic.fna,36.7,80761,110049
147,Crocidura_indochinensis,Indochinese shrew,Laurasiatheria,200M,8485,DISCOVAR (GCA_004027635.1),wget ftp://ftp.ncbi.nlm.nih.gov/genomes/all/GCA/004/027/635/GCA_004027635.1_CroInd_v1_BIUU/GCA_004027635.1_CroInd_v1_BIUU_genomic.fna.gz,Sequence-Name,GenBank,N,/projects/pfenninggroup/machineLearningForComputationalBiology/regElEvoGrant/200MammalsFastas/GCA_004027635.1_CroInd_v1_BIUU_genomic.fna,32.2,4927,4929
148,Cryptoprocta_ferox,Fossa,Laurasiatheria,200M,137953,DISCOVAR (GCA_004023885.1),wget ftp://ftp.ncbi.nlm.nih.gov/genomes/all/GCA/004/023/885/GCA_004023885.1_CryFer_v1_BIUU/GCA_004023885.1_CryFer_v1_BIUU_genomic.fna.gz,Sequence-Name,GenBank,N,/projects/pfenninggroup/machineLearningForComputationalBiology/regElEvoGrant/200MammalsFastas/GCA_004023885.1_CryFer_v1_BIUU_genomic.fna,46.3,128639,173473
149,Ctenodactylus_gundi,Common gundi,Glire,200M,246904,DISCOVAR (GCA_004027205.1),wget ftp://ftp.ncbi.nlm.nih.gov/genomes/all/GCA/004/027/205/GCA_004027205.1_CteGun_v1_BIUU/GCA_004027205.1_CteGun_v1_BIUU_genomic.fna.gz,Sequence-Name,GenBank,N,/projects/pfenninggroup/machineLearningForComputationalBiology/regElEvoGrant/200MammalsFastas/GCA_004027205.1_CteGun_v1_BIUU_genomic.fna,51,218543,354548
150,Ctenomys_sociabilis,Social Tuco-tuco,Glire,200M,41379,DISCOVAR (GCA_004027165.1),wget ftp://ftp.ncbi.nlm.nih.gov/genomes/all/GCA/004/027/165/GCA_004027165.1_CteSoc_v1_BIUU/GCA_004027165.1_CteSoc_v1_BIUU_genomic.fna.gz,Sequence-Name,GenBank,N,/projects/pfenninggroup/machineLearningForComputationalBiology/regElEvoGrant/200MammalsFastas/GCA_004027165.1_CteSoc_v1_BIUU_genomic.fna,26.5,37562,49073
151,Cuniculus_paca,Lowland Paca,Glire,200M,9059,DISCOVAR (GCA_004365215.1),wget ftp://ftp.ncbi.nlm.nih.gov/genomes/all/GCA/004/365/215/GCA_004365215.1_CunPac_v1_BIUU/GCA_004365215.1_CunPac_v1_BIUU_genomic.fna.gz,Sequence-Name,GenBank,N,/projects/pfenninggroup/machineLearningForComputationalBiology/regElEvoGrant/200MammalsFastas/GCA_004365215.1_CunPac_v1_BIUU_genomic.fna,23.4,3890,3892
152,Dasyprocta_punctata,Central American Agouti,Glire,200M,44076,DISCOVAR (GCA_004363535.1),wget ftp://ftp.ncbi.nlm.nih.gov/genomes/all/GCA/004/363/535/GCA_004363535.1_DasPun_v1_BIUU/GCA_004363535.1_DasPun_v1_BIUU_genomic.fna.gz,Sequence-Name,GenBank,N,/projects/pfenninggroup/machineLearningForComputationalBiology/regElEvoGrant/200MammalsFastas/GCA_004363535.1_DasPun_v1_BIUU_genomic.fna,40,38650,43703
153,Daubentonia_madagascariensis,Aye-aye,Euarchonta,200M,311553,DISCOVAR (GCA_004027145.1),wget ftp://ftp.ncbi.nlm.nih.gov/genomes/all/GCA/004/027/145/GCA_004027145.1_DauMad_v1_BIUU/GCA_004027145.1_DauMad_v1_BIUU_genomic.fna.gz,Sequence-Name,GenBank,N,/projects/pfenninggroup/machineLearningForComputationalBiology/regElEvoGrant/200MammalsFastas/GCA_004027145.1_DauMad_v1_BIUU_genomic.fna,76.4,298834,379919
154,Diceros_bicornis,Black Rhinocerous,Laurasiatheria,200M,114126,DISCOVAR (GCA_004027315.1),wget ftp://ftp.ncbi.nlm.nih.gov/genomes/all/GCA/004/027/315/GCA_004027315.1_DicBicMic_v1_BIUU/GCA_004027315.1_DicBicMic_v1_BIUU_genomic.fna.gz,Sequence-Name,GenBank,N,/projects/pfenninggroup/machineLearningForComputationalBiology/regElEvoGrant/200MammalsFastas/GCA_004027315.1_DicBicMic_v1_BIUU_genomic.fna,44.9,87375,115504
155,Dinomys_branickii,Pacarana,Glire,200M,75870,DISCOVAR (GCA_004027595.1),wget ftp://ftp.ncbi.nlm.nih.gov/genomes/all/GCA/004/027/595/GCA_004027595.1_DinBra_v1_BIUU/GCA_004027595.1_DinBra_v1_BIUU_genomic.fna.gz,Sequence-Name,GenBank,N,/projects/pfenninggroup/machineLearningForComputationalBiology/regElEvoGrant/200MammalsFastas/GCA_004027595.1_DinBra_v1_BIUU_genomic.fna,31.9,64805,77918
156,Dipodomys_stephensi,Stephen's Kangaroo Rat,Glire,200M,0,DISCOVAR (GCA_004024685.1),wget ftp://ftp.ncbi.nlm.nih.gov/genomes/all/GCA/004/024/685/GCA_004024685.1_DipSte_v1_BIUU/GCA_004024685.1_DipSte_v1_BIUU_genomic.fna.gz,Sequence-Name,GenBank,N,/projects/pfenninggroup/machineLearningForComputationalBiology/regElEvoGrant/200MammalsFastas/GCA_004024685.1_DipSte_v1_BIUU_genomic.fna,59.2,30710,36811
157,Dolichotis_patagonum,Patagonian Mara,Glire,200M,40160,DISCOVAR (GCA_004027295.1),wget ftp://ftp.ncbi.nlm.nih.gov/genomes/all/GCA/004/027/295/GCA_004027295.1_DolPat_v1_BIUU/GCA_004027295.1_DolPat_v1_BIUU_genomic.fna.gz,Sequence-Name,GenBank,N,/projects/pfenninggroup/machineLearningForComputationalBiology/regElEvoGrant/200MammalsFastas/GCA_004027295.1_DolPat_v1_BIUU_genomic.fna,30.8,27983,31026
158,Erythrocebus_patas,Patas Monkey,Euarchonta,200M,39816,DISCOVAR (GCA_004027335.1),wget ftp://ftp.ncbi.nlm.nih.gov/genomes/all/GCA/004/027/335/GCA_004027335.1_EryPat_v1_BIUU/GCA_004027335.1_EryPat_v1_BIUU_genomic.fna.gz,Sequence-Name,GenBank,N,/projects/pfenninggroup/machineLearningForComputationalBiology/regElEvoGrant/200MammalsFastas/GCA_004027335.1_EryPat_v1_BIUU_genomic.fna,43.7,28523,34535
159,Eschrichtius_robustus,Grey Whale,Laurasiatheria,200M,78871,DISCOVAR (GCA_004363415.1),wget https://sra-download.ncbi.nlm.nih.gov/traces/wgs03/wgs_aux/RJ/WN/RJWN01/RJWN01.*.fsa_nt.gz,Sequence-Name,GenBank,N,/projects/pfenninggroup/machineLearningForComputationalBiology/regElEvoGrant/200MammalsFastas/GCA_004363415.1_EscRob_v1_BIUU_genomic.fna,40.5,68559,94414
160,Eubalaena_japonica,North Pacific Right Whale,Laurasiatheria,200M,41990,DISCOVAR (GCA_004363455.1),wget ftp://ftp.ncbi.nlm.nih.gov/genomes/all/GCA/004/363/455/GCA_004363455.1_EubJap_v1_BIUU/GCA_004363455.1_EubJap_v1_BIUU_genomic.fna.gz,Sequence-Name,GenBank,N,/projects/pfenninggroup/machineLearningForComputationalBiology/regElEvoGrant/200MammalsFastas/GCA_004363455.1_EubJap_v1_BIUU_genomic.fna,40,34866,39813
161,Eulemur_fulvus,Common Brown Lemur,Euarchonta,200M,28544,DISCOVAR (GCA_004027275.1),wget ftp://ftp.ncbi.nlm.nih.gov/genomes/all/GCA/004/027/275/GCA_004027275.1_EulFul_v1_BIUU/GCA_004027275.1_EulFul_v1_BIUU_genomic.fna.gz,Sequence-Name,GenBank,N,/projects/pfenninggroup/machineLearningForComputationalBiology/regElEvoGrant/200MammalsFastas/GCA_004027275.1_EulFul_v1_BIUU_genomic.fna,63.5,21310,22561
162,Felis_nigripes,Black-footed Cat,Laurasiatheria,200M,16930,DISCOVAR (GCA_004023925.1),wget ftp://ftp.ncbi.nlm.nih.gov/genomes/all/GCA/004/023/925/GCA_004023925.1_FelNig_v1_BIUU/GCA_004023925.1_FelNig_v1_BIUU_genomic.fna.gz,Sequence-Name,GenBank,N,/projects/pfenninggroup/machineLearningForComputationalBiology/regElEvoGrant/200MammalsFastas/GCA_004023925.1_FelNig_v1_BIUU_genomic.fna,17.1,16007,18631
163,Galeopterus_variegatus,Sunda Flying Lemur,Euarchonta,200M,44327,DISCOVAR (GCA_004027255.2),wget https://sra-download.ncbi.nlm.nih.gov/traces/wgs01/wgs_aux/PV/JT/PVJT02/PVJT02.*.fsa_nt.gz,,GenBank,N,/projects/pfenninggroup/machineLearningForComputationalBiology/regElEvoGrant/200MammalsFastas/GCA_004027255.2_GalVar_v2_BIUU_UCD_genomic.fna,35.5,34666,7885395
164,Glis_glis,Edible Dormouse,Glire,200M,27095,DISCOVAR (GCA_004027185.1),wget ftp://ftp.ncbi.nlm.nih.gov/genomes/all/GCA/004/027/185/GCA_004027185.1_GliGli_v1_BIUU/GCA_004027185.1_GliGli_v1_BIUU_genomic.fna.gz,Sequence-Name,GenBank,N,/projects/pfenninggroup/machineLearningForComputationalBiology/regElEvoGrant/200MammalsFastas/GCA_004027185.1_GliGli_v1_BIUU_genomic.fna,31.8,26062,30338
165,Graphiurus_murinus,Woodland Doormouse,Glire,200M,27731,DISCOVAR (GCA_004027655.1),wget ftp://ftp.ncbi.nlm.nih.gov/genomes/all/GCA/004/027/655/GCA_004027655.1_GraMur_v1_BIUU/GCA_004027655.1_GraMur_v1_BIUU_genomic.fna.gz,Sequence-Name,GenBank,N,/projects/pfenninggroup/machineLearningForComputationalBiology/regElEvoGrant/200MammalsFastas/GCA_004027655.1_GraMur_v1_BIUU_genomic.fna,35,22138,28463
166,Helogale_parvula,Dwarf Mongoose,Laurasiatheria,200M,116675,DISCOVAR (GCA_004023845.1),wget ftp://ftp.ncbi.nlm.nih.gov/genomes/all/GCA/004/023/845/GCA_004023845.1_HelPar_v1_BIUU/GCA_004023845.1_HelPar_v1_BIUU_genomic.fna.gz,Sequence-Name,GenBank,N,/projects/pfenninggroup/machineLearningForComputationalBiology/regElEvoGrant/200MammalsFastas/GCA_004023845.1_HelPar_v1_BIUU_genomic.fna,32.3,113567,179119
167,Hemitragus_hylocrius,Nilgiri Tahr,Laurasiatheria,200M,69919,DISCOVAR (GCA_004026825.1),wget ftp://ftp.ncbi.nlm.nih.gov/genomes/all/GCA/004/026/825/GCA_004026825.1_HemHyl_v1_BIUU/GCA_004026825.1_HemHyl_v1_BIUU_genomic.fna.gz,Sequence-Name,GenBank,N,/projects/pfenninggroup/machineLearningForComputationalBiology/regElEvoGrant/200MammalsFastas/GCA_004026825.1_HemHyl_v1_BIUU_genomic.fna,29.4,66552,85340
168,Heterohyrax_brucei,African Yellow-spotted Rock Hyrax,Afrotheria,200M,70066,DISCOVAR (GCA_004026845.1),wget ftp://ftp.ncbi.nlm.nih.gov/genomes/all/GCA/004/026/845/GCA_004026845.1_HetBruBak_v1_BIUU/GCA_004026845.1_HetBruBak_v1_BIUU_genomic.fna.gz,Sequence-Name,GenBank,N,/projects/pfenninggroup/machineLearningForComputationalBiology/regElEvoGrant/200MammalsFastas/GCA_004026845.1_HetBruBak_v1_BIUU_genomic.fna,24.4,62841,67904
169,Hippopotamus_amphibius,Hippopotamus,Laurasiatheria,200M,84845,DISCOVAR (GCA_004027065.2),wget https://sra-download.ncbi.nlm.nih.gov/traces/wgs01/wgs_aux/PV/JP/PVJP02/PVJP02.*.fsa_nt.gz,,GenBank,N,/projects/pfenninggroup/machineLearningForComputationalBiology/regElEvoGrant/200MammalsFastas/GCA_004027065.2_HipAmp_v2_BIUU_UCD_genomic.fna,77,76609,4444377
170,Hipposideros_galeritus,Cantor's Leaf-nosed Bat,Laurasiatheria,200M,38797,DISCOVAR (GCA_004027415.1),wget ftp://ftp.ncbi.nlm.nih.gov/genomes/all/GCA/004/027/415/GCA_004027415.1_HipGal_v1_BIUU/GCA_004027415.1_HipGal_v1_BIUU_genomic.fna.gz,Sequence-Name,GenBank,N,/projects/pfenninggroup/machineLearningForComputationalBiology/regElEvoGrant/200MammalsFastas/GCA_004027415.1_HipGal_v1_BIUU_genomic.fna,46,33704,37985
171,Hyaena_hyaena,Striped Hyena,Laurasiatheria,200M,53836,DISCOVAR (GCA_004023945.1),wget https://sra-download.ncbi.nlm.nih.gov/traces/wgs03/wgs_aux/PI/TC/PITC01/PITC01.*.fsa_nt.gz,Sequence-Name,GenBank,N,/projects/pfenninggroup/machineLearningForComputationalBiology/regElEvoGrant/200MammalsFastas/GCA_004023945.1_HyaHya_v1_BIUU_genomic.fna,31.3,51677,66490
172,Hydrochoerus_hydrochaeris,Capybara,Glire,200M,162656,DISCOVAR (GCA_004027455.1),wget ftp://ftp.ncbi.nlm.nih.gov/genomes/all/GCA/004/027/455/GCA_004027455.1_HydHyd_v1_BIUU/GCA_004027455.1_HydHyd_v1_BIUU_genomic.fna.gz,Sequence-Name,GenBank,N,/projects/pfenninggroup/machineLearningForComputationalBiology/regElEvoGrant/200MammalsFastas/GCA_004027455.1_HydHyd_v1_BIUU_genomic.fna,28.2,148451,202224
173,Hystrix_cristata,Northern Crested Porcupine,Glire,200M,68186,DISCOVAR (GCA_004026905.1),wget ftp://ftp.ncbi.nlm.nih.gov/genomes/all/GCA/004/026/905/GCA_004026905.1_HysCri_v1_BIUU/GCA_004026905.1_HysCri_v1_BIUU_genomic.fna.gz,Sequence-Name,GenBank,N,/projects/pfenninggroup/machineLearningForComputationalBiology/regElEvoGrant/200MammalsFastas/GCA_004026905.1_HysCri_v1_BIUU_genomic.fna,35.2,57102,64768
174,Indri_indri,Indri,Euarchonta,200M,33103,DISCOVAR (GCA_004363605.1),wget ftp://ftp.ncbi.nlm.nih.gov/genomes/all/GCA/004/363/605/GCA_004363605.1_IndInd_v1_BIUU/GCA_004363605.1_IndInd_v1_BIUU_genomic.fna.gz,Sequence-Name,GenBank,N,/projects/pfenninggroup/machineLearningForComputationalBiology/regElEvoGrant/200MammalsFastas/GCA_004363605.1_IndInd_v1_BIUU_genomic.fna,34.4,26447,28620
175,Inia_geoffrensis,Amazon River Dolphin,Laurasiatheria,200M,30246,DISCOVAR (GCA_004363515.1),wget ftp://ftp.ncbi.nlm.nih.gov/genomes/all/GCA/004/363/515/GCA_004363515.1_IniGeo_v1_BIUU/GCA_004363515.1_IniGeo_v1_BIUU_genomic.fna.gz,Sequence-Name,GenBank,N,/projects/pfenninggroup/machineLearningForComputationalBiology/regElEvoGrant/200MammalsFastas/GCA_004363515.1_IniGeo_v1_BIUU_genomic.fna,42.5,24570,26707
176,Kogia_breviceps,Pygmy Sperm Whale,Laurasiatheria,200M,31609,DISCOVAR (GCA_004363705.1),wget ftp://ftp.ncbi.nlm.nih.gov/genomes/all/GCA/004/363/705/GCA_004363705.1_KogBre_v1_BIUU/GCA_004363705.1_KogBre_v1_BIUU_genomic.fna.gz,Sequence-Name,GenBank,N,/projects/pfenninggroup/machineLearningForComputationalBiology/regElEvoGrant/200MammalsFastas/GCA_004363705.1_KogBre_v1_BIUU_genomic.fna,38.8,26201,28812
177,Lasiurus_borealis,Eastern Red Bat,Laurasiatheria,200M,35447,DISCOVAR (GCA_004026805.1),wget ftp://ftp.ncbi.nlm.nih.gov/genomes/all/GCA/004/026/805/GCA_004026805.1_LasBor_v1_BIUU/GCA_004026805.1_LasBor_v1_BIUU_genomic.fna.gz,Sequence-Name,GenBank,N,/projects/pfenninggroup/machineLearningForComputationalBiology/regElEvoGrant/200MammalsFastas/GCA_004026805.1_LasBor_v1_BIUU_genomic.fna,42.1,35165,38543
178,Lemur_catta,Ring Tailed Lemur,Euarchonta,200M,173559,DISCOVAR (GCA_004024665.1),wget ftp://ftp.ncbi.nlm.nih.gov/genomes/all/GCA/004/024/665/GCA_004024665.1_LemCat_v1_BIUU/GCA_004024665.1_LemCat_v1_BIUU_genomic.fna.gz,Sequence-Name,GenBank,N,/projects/pfenninggroup/machineLearningForComputationalBiology/regElEvoGrant/200MammalsFastas/GCA_004024665.1_LemCat_v1_BIUU_genomic.fna,56,158439,215715
179,Lepus_americanus,Snowshoe Hare,Glire,200M,19314,DISCOVAR (GCA_004026855.1),wget ftp://ftp.ncbi.nlm.nih.gov/genomes/all/GCA/004/026/855/GCA_004026855.1_LepAme_v1_BIUU/GCA_004026855.1_LepAme_v1_BIUU_genomic.fna.gz,Sequence-Name,GenBank,N,/projects/pfenninggroup/machineLearningForComputationalBiology/regElEvoGrant/200MammalsFastas/GCA_004026855.1_LepAme_v1_BIUU_genomic.fna,32.6,15057,16725
180,Macroglossus_sobrinus,Long-tongued fruit bat,Laurasiatheria,200M,351412,DISCOVAR (GCA_004027375.1),wget ftp://ftp.ncbi.nlm.nih.gov/genomes/all/GCA/004/027/375/GCA_004027375.1_MacSob_v1_BIUU/GCA_004027375.1_MacSob_v1_BIUU_genomic.fna.gz,Sequence-Name,GenBank,N,/projects/pfenninggroup/machineLearningForComputationalBiology/regElEvoGrant/200MammalsFastas/GCA_004027375.1_MacSob_v1_BIUU_genomic.fna,52.7,338389,453401
181,Manis_tricuspis,Tree Pangolin,Laurasiatheria,200M,33856,DISCOVAR (GCA_004765945.1),wget ftp://ftp.ncbi.nlm.nih.gov/genomes/all/GCA/004/765/945/GCA_004765945.1_ManTri_v1_BIUU/GCA_004765945.1_ManTri_v1_BIUU_genomic.fna.gz,N/A (not in Cactus),GenBank,N/A,/projects/pfenninggroup/machineLearningForComputationalBiology/regElEvoGrant/200MammalsFastas/GCA_004765945.1_ManTri_v1_BIUU_genomic.fna,30.2,23755,25241
182,Megaderma_lyra,Greater False Vampire Bat,Laurasiatheria,200M,108673,DISCOVAR (GCA_004026885.1),wget ftp://ftp.ncbi.nlm.nih.gov/genomes/all/GCA/004/026/885/GCA_004026885.1_MegLyr_v1_BIUU/GCA_004026885.1_MegLyr_v1_BIUU_genomic.fna.gz,Sequence-Name,GenBank,N,/projects/pfenninggroup/machineLearningForComputationalBiology/regElEvoGrant/200MammalsFastas/GCA_004026885.1_MegLyr_v1_BIUU_genomic.fna,49.8,71674,96489
183,Mellivora_capensis,Honey Badger,Laurasiatheria,200M,69362,DISCOVAR (GCA_004024625.1),wget ftp://ftp.ncbi.nlm.nih.gov/genomes/all/GCA/004/024/625/GCA_004024625.1_MelCap_v1_BIUU/GCA_004024625.1_MelCap_v1_BIUU_genomic.fna.gz,Sequence-Name,GenBank,N,/projects/pfenninggroup/machineLearningForComputationalBiology/regElEvoGrant/200MammalsFastas/GCA_004024625.1_MelCap_v1_BIUU_genomic.fna,60,50213,59143
184,Meriones_unguiculatus,Mongolian Jird,Glire,200M,81734,DISCOVAR (GCA_004026785.1),wget https://sra-download.ncbi.nlm.nih.gov/traces/wgs03/wgs_aux/PV/JK/PVJK01/PVJK01.*.fsa_nt.gz,Sequence-Name,GenBank,N,/projects/pfenninggroup/machineLearningForComputationalBiology/regElEvoGrant/200MammalsFastas/GCA_004026785.1_MerUng_v1_BIUU_genomic.fna,31.3,69839,100883
185,Mesoplodon_bidens,Sowerby‚Äôs beaked whale,Laurasiatheria,200M,37451,DISCOVAR (GCA_004027085.1),wget ftp://ftp.ncbi.nlm.nih.gov/genomes/all/GCA/004/027/085/GCA_004027085.1_MesBid_v1_BIUU/GCA_004027085.1_MesBid_v1_BIUU_genomic.fna.gz,Sequence-Name,GenBank,N,/projects/pfenninggroup/machineLearningForComputationalBiology/regElEvoGrant/200MammalsFastas/GCA_004027085.1_MesBid_v1_BIUU_genomic.fna,32.4,28959,33532
186,Microgale_talazaci,Talazac's Shrew Tenrec,Afrotheria,200M,64077,DISCOVAR (GCA_004026705.1),wget ftp://ftp.ncbi.nlm.nih.gov/genomes/all/GCA/004/026/705/GCA_004026705.1_MicTal_v1_BIUU/GCA_004026705.1_MicTal_v1_BIUU_genomic.fna.gz,Sequence-Name,GenBank,N,/projects/pfenninggroup/machineLearningForComputationalBiology/regElEvoGrant/200MammalsFastas/GCA_004026705.1_MicTal_v1_BIUU_genomic.fna,27.8,56946,65143
187,Micronycteris_hirsuta,Hairy Big-eared Bat,Laurasiatheria,200M,68746,DISCOVAR (GCA_004026765.1),wget ftp://ftp.ncbi.nlm.nih.gov/genomes/all/GCA/004/026/765/GCA_004026765.1_MicHir_v1_BIUU/GCA_004026765.1_MicHir_v1_BIUU_genomic.fna.gz,Sequence-Name,GenBank,N,/projects/pfenninggroup/machineLearningForComputationalBiology/regElEvoGrant/200MammalsFastas/GCA_004026765.1_MicHir_v1_BIUU_genomic.fna,39.4,62961,68868
188,Miniopterus_schreibersii,Common Bent-wing Bat,Laurasiatheria,200M,85056,DISCOVAR (GCA_004026525.1),wget ftp://ftp.ncbi.nlm.nih.gov/genomes/all/GCA/004/026/525/GCA_004026525.1_MinSch_v1_BIUU/GCA_004026525.1_MinSch_v1_BIUU_genomic.fna.gz,Sequence-Name,GenBank,N,/projects/pfenninggroup/machineLearningForComputationalBiology/regElEvoGrant/200MammalsFastas/GCA_004026525.1_MinSch_v1_BIUU_genomic.fna,24.8,82539,108707
189,Mirounga_angustirostris,Northern Elephant Seal,Laurasiatheria,200M,54778,DISCOVAR (GCA_004023865.1),wget ftp://ftp.ncbi.nlm.nih.gov/genomes/all/GCA/004/023/865/GCA_004023865.1_MirAng_v1_BIUU/GCA_004023865.1_MirAng_v1_BIUU_genomic.fna.gz,Sequence-Name,GenBank,N,/projects/pfenninggroup/machineLearningForComputationalBiology/regElEvoGrant/200MammalsFastas/GCA_004023865.1_MirAng_v1_BIUU_genomic.fna,35.6,52833,64640
190,Mirza_coquereli,Coquerel's Giant Mouse Lemur,Euarchonta,200M,64864,DISCOVAR (GCA_004024645.1),wget ftp://ftp.ncbi.nlm.nih.gov/genomes/all/GCA/004/024/645/GCA_004024645.1_MizCoq_v1_BIUU/GCA_004024645.1_MizCoq_v1_BIUU_genomic.fna.gz,Sequence-Name,GenBank,N,/projects/pfenninggroup/machineLearningForComputationalBiology/regElEvoGrant/200MammalsFastas/GCA_004024645.1_MizCoq_v1_BIUU_genomic.fna,60.7,60596,79947
191,Monodon_monoceros,Narwhal,Laurasiatheria,200M,78802,DISCOVAR (GCA_004026685.1),wget https://sra-download.ncbi.nlm.nih.gov/traces/wgs03/wgs_aux/PV/JE/PVJE01/PVJE01.*.fsa_nt.gz,,GenBank,N,/projects/pfenninggroup/machineLearningForComputationalBiology/regElEvoGrant/200MammalsFastas/GCA_004026685.1_MonMon_M_v1_BIUU_genomic.fna,23.2,67024,86766
192,Mormoops_blainvillei,Antillean Ghost-faced Bat,Laurasiatheria,200M,147599,DISCOVAR (GCA_004026545.1),wget ftp://ftp.ncbi.nlm.nih.gov/genomes/all/GCA/004/026/545/GCA_004026545.1_MorMeg_v1_BIUU/GCA_004026545.1_MorMeg_v1_BIUU_genomic.fna.gz,Sequence-Name,GenBank,N,/projects/pfenninggroup/machineLearningForComputationalBiology/regElEvoGrant/200MammalsFastas/GCA_004026545.1_MorMeg_v1_BIUU_genomic.fna,32.8,142682,156292
193,Moschus_moschiferus,Siberian Musk Deer,Laurasiatheria,200M,39944,DISCOVAR (GCA_004024705.1),wget ftp://ftp.ncbi.nlm.nih.gov/genomes/all/GCA/004/024/705/GCA_004024705.1_MosMos_v1_BIUU/GCA_004024705.1_MosMos_v1_BIUU_genomic.fna.gz,Sequence-Name,GenBank,N,/projects/pfenninggroup/machineLearningForComputationalBiology/regElEvoGrant/200MammalsFastas/GCA_004024705.1_MosMos_v1_BIUU_genomic.fna,74.6,34798,47482
194,Mungos_mungo,South African Banded Mongoose,Laurasiatheria,200M,189084,DISCOVAR (GCA_004023785.1),wget ftp://ftp.ncbi.nlm.nih.gov/genomes/all/GCA/004/023/785/GCA_004023785.1_MunMun_v1_BIUU/GCA_004023785.1_MunMun_v1_BIUU_genomic.fna.gz,Sequence-Name,GenBank,N,/projects/pfenninggroup/machineLearningForComputationalBiology/regElEvoGrant/200MammalsFastas/GCA_004023785.1_MunMun_v1_BIUU_genomic.fna,46.7,180702,236501
195,Murina_feae,Ashy-gray tube-nosed bat,Laurasiatheria,200M,26934,DISCOVAR (GCA_004026665.1),wget ftp://ftp.ncbi.nlm.nih.gov/genomes/all/GCA/004/026/665/GCA_004026665.1_MurFea_v1_BIUU/GCA_004026665.1_MurFea_v1_BIUU_genomic.fna.gz,Sequence-Name,GenBank,N,/projects/pfenninggroup/machineLearningForComputationalBiology/regElEvoGrant/200MammalsFastas/GCA_004026665.1_MurFea_v1_BIUU_genomic.fna,33.3,23400,26051
196,Muscardinus_avellanarius,Hazel dormouse,Glire,200M,46810,DISCOVAR (GCA_004027005.1),wget ftp://ftp.ncbi.nlm.nih.gov/genomes/all/GCA/004/027/005/GCA_004027005.1_MusAve_v1_BIUU/GCA_004027005.1_MusAve_v1_BIUU_genomic.fna.gz,Sequence-Name,GenBank,N,/projects/pfenninggroup/machineLearningForComputationalBiology/regElEvoGrant/200MammalsFastas/GCA_004027005.1_MusAve_v1_BIUU_genomic.fna,32.8,44294,59013
197,Myocastor_coypus,Coypu,Glire,200M,35222,DISCOVAR (GCA_004027025.1),wget ftp://ftp.ncbi.nlm.nih.gov/genomes/all/GCA/004/027/025/GCA_004027025.1_MyoCoy_v1_BIUU/GCA_004027025.1_MyoCoy_v1_BIUU_genomic.fna.gz,Sequence-Name,GenBank,N,/projects/pfenninggroup/machineLearningForComputationalBiology/regElEvoGrant/200MammalsFastas/GCA_004027025.1_MyoCoy_v1_BIUU_genomic.fna,56.5,28446,35982
198,Myotis_myotis,Greater mouse-eared Bat,Laurasiatheria,200M,23271,DISCOVAR (GCA_004026985.1),wget ftp://ftp.ncbi.nlm.nih.gov/genomes/all/GCA/004/026/985/GCA_004026985.1_MyoMyo_v1_BIUU/GCA_004026985.1_MyoMyo_v1_BIUU_genomic.fna.gz,Sequence-Name,GenBank,N,/projects/pfenninggroup/machineLearningForComputationalBiology/regElEvoGrant/200MammalsFastas/GCA_004026985.1_MyoMyo_v1_BIUU_genomic.fna,47.8,19322,21824
199,Myrmecophaga_tridactyla,Giant Anteater,Xenarthra,200M,44845,DISCOVAR (GCA_004026745.1),wget ftp://ftp.ncbi.nlm.nih.gov/genomes/all/GCA/004/026/745/GCA_004026745.1_MyrTri_v1_BIUU/GCA_004026745.1_MyrTri_v1_BIUU_genomic.fna.gz,Sequence-Name,GenBank,N,/projects/pfenninggroup/machineLearningForComputationalBiology/regElEvoGrant/200MammalsFastas/GCA_004026745.1_MyrTri_v1_BIUU_genomic.fna,28.9,36434,41255
200,Nasalis_larvatus,Proboscis Monkey,Euarchonta,200M,38381,DISCOVAR (GCA_004027105.1),wget https://sra-download.ncbi.nlm.nih.gov/traces/wgs03/wgs_aux/PV/IX/PVIX01/PVIX01.*.fsa_nt.gz,Sequence-Name,GenBank,N,/projects/pfenninggroup/machineLearningForComputationalBiology/regElEvoGrant/200MammalsFastas/GCA_004027105.1_NasLar_v1_BIUU_genomic.fna,29.5,34532,44943
201,Noctilio_leporinus,Greater Bulldog Bat,Laurasiatheria,200M,143138,DISCOVAR (GCA_004026585.1),wget ftp://ftp.ncbi.nlm.nih.gov/genomes/all/GCA/004/026/585/GCA_004026585.1_NocLep_v1_BIUU/GCA_004026585.1_NocLep_v1_BIUU_genomic.fna.gz,Sequence-Name,GenBank,N,/projects/pfenninggroup/machineLearningForComputationalBiology/regElEvoGrant/200MammalsFastas/GCA_004026585.1_NocLep_v1_BIUU_genomic.fna,42.9,135651,191494
202,Nycticebus_coucang,Sunda Slow Loris,Euarchonta,200M,23653,DISCOVAR (GCA_004027815.1),wget ftp://ftp.ncbi.nlm.nih.gov/genomes/all/GCA/004/027/815/GCA_004027815.1_NycCou_v1_BIUU/GCA_004027815.1_NycCou_v1_BIUU_genomic.fna.gz,Sequence-Name,GenBank,N,/projects/pfenninggroup/machineLearningForComputationalBiology/regElEvoGrant/200MammalsFastas/GCA_004027815.1_NycCou_v1_BIUU_genomic.fna,32.3,17693,19724
203,Ondatra_zibethicus,Muskrat,Glire,200M,79948,DISCOVAR (GCA_004026605.1),wget ftp://ftp.ncbi.nlm.nih.gov/genomes/all/GCA/004/026/605/GCA_004026605.1_OndZib_v1_BIUU/GCA_004026605.1_OndZib_v1_BIUU_genomic.fna.gz,Sequence-Name,GenBank,N,/projects/pfenninggroup/machineLearningForComputationalBiology/regElEvoGrant/200MammalsFastas/GCA_004026605.1_OndZib_v1_BIUU_genomic.fna,43.9,73746,89093
204,Onychomys_torridus,Scorpion Mouse,Glire,200M,26822,DISCOVAR (GCA_004026725.1),wget ftp://ftp.ncbi.nlm.nih.gov/genomes/all/GCA/004/026/725/GCA_004026725.1_OnyTor_v1_BIUU/GCA_004026725.1_OnyTor_v1_BIUU_genomic.fna.gz,Sequence-Name,GenBank,N,/projects/pfenninggroup/machineLearningForComputationalBiology/regElEvoGrant/200MammalsFastas/GCA_004026725.1_OnyTor_v1_BIUU_genomic.fna,46.8,18287,20878
205,Orycteropus_afer,Aardvark,Afrotheria,200M,25531,DISCOVAR (GCA_004365145.1),wget https://sra-download.ncbi.nlm.nih.gov/traces/wgs03/wgs_aux/RJ/WU/RJWU01/RJWU01.*.fsa_nt.gz,Sequence-Name,GenBank,N,/projects/pfenninggroup/machineLearningForComputationalBiology/regElEvoGrant/200MammalsFastas/GCA_004365145.1_OryAfe_v1_BIUU_genomic.fna,35.2,20354,22965
206,Ovis_canadensis,Penninsular Bighorn Sheep,Laurasiatheria,200M,62884,DISCOVAR (GCA_004026945.1),wget ftp://ftp.ncbi.nlm.nih.gov/genomes/all/GCA/004/026/945/GCA_004026945.1_OviCan_v1_BIUU/GCA_004026945.1_OviCan_v1_BIUU_genomic.fna.gz,Sequence-Name,GenBank,N,/projects/pfenninggroup/machineLearningForComputationalBiology/regElEvoGrant/200MammalsFastas/GCA_004026945.1_OviCan_v1_BIUU_genomic.fna,25.2,55973,69397
207,Panthera_onca,Jaguar,Laurasiatheria,200M,66276,DISCOVAR (GCA_004023805.1),wget ftp://ftp.ncbi.nlm.nih.gov/genomes/all/GCA/004/023/805/GCA_004023805.1_PanOnc_v1_BIUU/GCA_004023805.1_PanOnc_v1_BIUU_genomic.fna.gz,Sequence-Name,GenBank,N,/projects/pfenninggroup/machineLearningForComputationalBiology/regElEvoGrant/200MammalsFastas/GCA_004023805.1_PanOnc_v1_BIUU_genomic.fna,60.7,62836,116574
208,Paradoxurus_hermaphroditus,Asian Palm Civet,Laurasiatheria,200M,67775,DISCOVAR (GCA_004024585.1),wget ftp://ftp.ncbi.nlm.nih.gov/genomes/all/GCA/004/024/585/GCA_004024585.1_ParHer_v1_BIUU/GCA_004024585.1_ParHer_v1_BIUU_genomic.fna.gz,Sequence-Name,GenBank,N,/projects/pfenninggroup/machineLearningForComputationalBiology/regElEvoGrant/200MammalsFastas/GCA_004024585.1_ParHer_v1_BIUU_genomic.fna,36.9,62870,71823
209,Perognathus_longimembris,Pacific Pocket Mouse,Glire,200M,27791,DISCOVAR (GCA_004363475.1),wget ftp://ftp.ncbi.nlm.nih.gov/genomes/all/GCA/004/363/475/GCA_004363475.1_PerLonPac_v1_BIUU/GCA_004363475.1_PerLonPac_v1_BIUU_genomic.fna.gz,Sequence-Name,GenBank,N,/projects/pfenninggroup/machineLearningForComputationalBiology/regElEvoGrant/200MammalsFastas/GCA_004363475.1_PerLonPac_v1_BIUU_genomic.fna,59.6,17686,24714
210,Petromus_typicus,Dassie rat,Glire,200M,34472,DISCOVAR (GCA_004026965.1),wget ftp://ftp.ncbi.nlm.nih.gov/genomes/all/GCA/004/026/965/GCA_004026965.1_PetTyp_v1_BIUU/GCA_004026965.1_PetTyp_v1_BIUU_genomic.fna.gz,Sequence-Name,GenBank,N,/projects/pfenninggroup/machineLearningForComputationalBiology/regElEvoGrant/200MammalsFastas/GCA_004026965.1_PetTyp_v1_BIUU_genomic.fna,37.7,29916,35766
211,Phocoena_phocoena,Harbor Porpoise,Laurasiatheria,200M,105655,DISCOVAR (GCA_004363495.1),wget https://sra-download.ncbi.nlm.nih.gov/traces/wgs03/wgs_aux/RJ/WQ/RJWQ01/RJWQ01.*.fsa_nt.gz,Sequence-Name,GenBank,N,/projects/pfenninggroup/machineLearningForComputationalBiology/regElEvoGrant/200MammalsFastas/GCA_004363495.1_PhoPho_v1_BIUU_genomic.fna,56.4,89111,115969
212,Pipistrellus_pipistrellus,Common Pipistrelle,Laurasiatheria,200M,30524,DISCOVAR (GCA_004026625.1),wget ftp://ftp.ncbi.nlm.nih.gov/genomes/all/GCA/004/026/625/GCA_004026625.1_PipPip_v1_BIUU/GCA_004026625.1_PipPip_v1_BIUU_genomic.fna.gz,Sequence-Name,GenBank,N,/projects/pfenninggroup/machineLearningForComputationalBiology/regElEvoGrant/200MammalsFastas/GCA_004026625.1_PipPip_v1_BIUU_genomic.fna,52.8,26707,33992
213,Pithecia_pithecia,White-faced Saki,Euarchonta,200M,70458,DISCOVAR (GCA_004026645.1),wget ftp://ftp.ncbi.nlm.nih.gov/genomes/all/GCA/004/026/645/GCA_004026645.1_PitPit_v1_BIUU/GCA_004026645.1_PitPit_v1_BIUU_genomic.fna.gz,Sequence-Name,GenBank,N,/projects/pfenninggroup/machineLearningForComputationalBiology/regElEvoGrant/200MammalsFastas/GCA_004026645.1_PitPit_v1_BIUU_genomic.fna,47.3,63292,83104
214,Platanista_gangetica,Indus River Dolphin,Laurasiatheria,200M,23592,DISCOVAR,Could not find genome,N/A,N/A,N/A,N/A,-1,-1,-1
215,Callicebus_donacophilus,White-eared Titi,Euarchonta,200M,46836,DISCOVAR (GCA_004027715.1),wget ftp://ftp.ncbi.nlm.nih.gov/genomes/all/GCA/004/027/715/GCA_004027715.1_CalDon_v1_BIUU/GCA_004027715.1_CalDon_v1_BIUU_genomic.fna.gz,Sequence-Name,GenBank,N,/projects/pfenninggroup/machineLearningForComputationalBiology/regElEvoGrant/200MammalsFastas/GCA_004027715.1_CalDon_v1_BIUU_genomic.fna,23.7,41149,46445
216,Procavia_capensis,South African Rock Hyrax,Afrotheria,200M,41902,DISCOVAR (GCA_004026925.2),wget https://sra-download.ncbi.nlm.nih.gov/traces/wgs01/wgs_aux/PV/IO/PVIO02/PVIO02.*.fsa_nt.gz,,GenBank,N,/projects/pfenninggroup/machineLearningForComputationalBiology/regElEvoGrant/200MammalsFastas/GCA_004026925.2_ProCapCap_v2_BIUU_UCD_genomic.fna,23.3,38095,9071062
217,Pteronura_brasiliensis,Giant Otter,Laurasiatheria,200M,99882,DISCOVAR (GCA_004024605.1),wget ftp://ftp.ncbi.nlm.nih.gov/genomes/all/GCA/004/024/605/GCA_004024605.1_PteBra_v1_BIUU/GCA_004024605.1_PteBra_v1_BIUU_genomic.fna.gz,Sequence-Name,GenBank,N,/projects/pfenninggroup/machineLearningForComputationalBiology/regElEvoGrant/200MammalsFastas/GCA_004024605.1_PteBra_v1_BIUU_genomic.fna,47.7,90879,119023
218,Pygathrix_nemaeus,Red-shanked Douc,Euarchonta,200M,60832,DISCOVAR (GCA_004024825.1),wget ftp://ftp.ncbi.nlm.nih.gov/genomes/all/GCA/004/024/825/GCA_004024825.1_PygNem_v1_BIUU/GCA_004024825.1_PygNem_v1_BIUU_genomic.fna.gz,Sequence-Name,GenBank,N,/projects/pfenninggroup/machineLearningForComputationalBiology/regElEvoGrant/200MammalsFastas/GCA_004024825.1_PygNem_v1_BIUU_genomic.fna,65.5,51434,68569
219,Rangifer_tarandus,Siberian Reindeer,Laurasiatheria,200M,91907,DISCOVAR (GCA_004026565.1),wget ftp://ftp.ncbi.nlm.nih.gov/genomes/all/GCA/004/026/565/GCA_004026565.1_RanTarSib_v1_BIUU/GCA_004026565.1_RanTarSib_v1_BIUU_genomic.fna.gz,Sequence-Name,GenBank,N,/projects/pfenninggroup/machineLearningForComputationalBiology/regElEvoGrant/200MammalsFastas/GCA_004026565.1_RanTarSib_v1_BIUU_genomic.fna,45.9,77671,89062
220,Rousettus_aegyptiacus,Egyptian Fruit Bat,Laurasiatheria,200M,104971,DISCOVAR (GCA_004024865.1),wget https://sra-download.ncbi.nlm.nih.gov/traces/wgs03/wgs_aux/PV/IL/PVIL01/PVIL01.*.fsa_nt.gz,Sequence-Name,GenBank,N,/projects/pfenninggroup/machineLearningForComputationalBiology/regElEvoGrant/200MammalsFastas/GCA_004024865.1_RouAeg_v1_BIUU_genomic.fna,35.7,100260,125332
221,Saguinus_imperator,Emperor Tamarin,Euarchonta,200M,68605,DISCOVAR (GCA_004024885.1),wget ftp://ftp.ncbi.nlm.nih.gov/genomes/all/GCA/004/024/885/GCA_004024885.1_SagImp_v1_BIUU/GCA_004024885.1_SagImp_v1_BIUU_genomic.fna.gz,Sequence-Name,GenBank,N,/projects/pfenninggroup/machineLearningForComputationalBiology/regElEvoGrant/200MammalsFastas/GCA_004024885.1_SagImp_v1_BIUU_genomic.fna,61.4,53787,65636
222,Saiga_tatarica,Russian Saiga,Laurasiatheria,200M,7893,DISCOVAR (GCA_004024985.1),wget ftp://ftp.ncbi.nlm.nih.gov/genomes/all/GCA/004/024/985/GCA_004024985.1_SaiTat_v1_BIUU/GCA_004024985.1_SaiTat_v1_BIUU_genomic.fna.gz,Sequence-Name,GenBank,N,/projects/pfenninggroup/machineLearningForComputationalBiology/regElEvoGrant/200MammalsFastas/GCA_004024985.1_SaiTat_v1_BIUU_genomic.fna,18.8,6406,6453
223,Scalopus_aquaticus,Eastern Mole,Laurasiatheria,200M,80361,DISCOVAR (GCA_004024925.1),wget ftp://ftp.ncbi.nlm.nih.gov/genomes/all/GCA/004/024/925/GCA_004024925.1_ScaAqu_v1_BIUU/GCA_004024925.1_ScaAqu_v1_BIUU_genomic.fna.gz,Sequence-Name,GenBank,N,/projects/pfenninggroup/machineLearningForComputationalBiology/regElEvoGrant/200MammalsFastas/GCA_004024925.1_ScaAqu_v1_BIUU_genomic.fna,46.1,72421,94879
224,Semnopithecus_entellus,Northern Plains Gray Langur,Euarchonta,200M,28655,DISCOVAR (GCA_004025065.1),wget ftp://ftp.ncbi.nlm.nih.gov/genomes/all/GCA/004/025/065/GCA_004025065.1_SemEnt_v1_BIUU/GCA_004025065.1_SemEnt_v1_BIUU_genomic.fna.gz,Sequence-Name,GenBank,N,/projects/pfenninggroup/machineLearningForComputationalBiology/regElEvoGrant/200MammalsFastas/GCA_004025065.1_SemEnt_v1_BIUU_genomic.fna,29.3,25064,29955
225,Sigmodon_hispidus,Hispid Cotton Rat,Glire,200M,76554,DISCOVAR (GCA_004025045.1),wget ftp://ftp.ncbi.nlm.nih.gov/genomes/all/GCA/004/025/045/GCA_004025045.1_SigHis_v1_BIUU/GCA_004025045.1_SigHis_v1_BIUU_genomic.fna.gz,Sequence-Name,GenBank,N,/projects/pfenninggroup/machineLearningForComputationalBiology/regElEvoGrant/200MammalsFastas/GCA_004025045.1_SigHis_v1_BIUU_genomic.fna,43.2,67983,101373
226,Solenodon_paradoxus,Hispaniolan Solenodon,Laurasiatheria,200M,244273,DISCOVAR (GCA_004363575.1),wget https://sra-download.ncbi.nlm.nih.gov/traces/wgs03/wgs_aux/RJ/WH/RJWH01/RJWH01.*.fsa_nt.gz,Sequence-Name,GenBank,N,/projects/pfenninggroup/machineLearningForComputationalBiology/regElEvoGrant/200MammalsFastas/GCA_004363575.1_SolPar_v1_BIUU_genomic.fna,29.3,236847,407682
227,Spilogale_gracilis,Western Spotted Skunk,Laurasiatheria,200M,66417,DISCOVAR (GCA_004023965.1),wget ftp://ftp.ncbi.nlm.nih.gov/genomes/all/GCA/004/023/965/GCA_004023965.1_SpiGra_v1_BIUU/GCA_004023965.1_SpiGra_v1_BIUU_genomic.fna.gz,Sequence-Name,GenBank,N,/projects/pfenninggroup/machineLearningForComputationalBiology/regElEvoGrant/200MammalsFastas/GCA_004023965.1_SpiGra_v1_BIUU_genomic.fna,33.2,63054,85970
228,Suricata_suricatta,Meerkat,Laurasiatheria,200M,156832,DISCOVAR (GCA_004023905.1),wget ftp://ftp.ncbi.nlm.nih.gov/genomes/all/GCA/004/023/905/GCA_004023905.1_SurSur_v1_BIUU/GCA_004023905.1_SurSur_v1_BIUU_genomic.fna.gz,Sequence-Name,GenBank,N,/projects/pfenninggroup/machineLearningForComputationalBiology/regElEvoGrant/200MammalsFastas/GCA_004023905.1_SurSur_v1_BIUU_genomic.fna,46.9,148487,186735
229,Tadarida_brasiliensis,Mexican Free-tailed Bat,Laurasiatheria,200M,27768,DISCOVAR (GCA_004025005.1),wget ftp://ftp.ncbi.nlm.nih.gov/genomes/all/GCA/004/025/005/GCA_004025005.1_TadBra_v1_BIUU/GCA_004025005.1_TadBra_v1_BIUU_genomic.fna.gz,Sequence-Name,GenBank,N,/projects/pfenninggroup/machineLearningForComputationalBiology/regElEvoGrant/200MammalsFastas/GCA_004025005.1_TadBra_v1_BIUU_genomic.fna,30.3,22617,24311
230,Tamandua_tetradactyla,Southern Tamandua,Xenarthra,200M,25261,DISCOVAR (GCA_004025105.1),wget ftp://ftp.ncbi.nlm.nih.gov/genomes/all/GCA/004/025/105/GCA_004025105.1_TamTet_v1_BIUU/GCA_004025105.1_TamTet_v1_BIUU_genomic.fna.gz,Sequence-Name,GenBank,N,/projects/pfenninggroup/machineLearningForComputationalBiology/regElEvoGrant/200MammalsFastas/GCA_004025105.1_TamTet_v1_BIUU_genomic.fna,30,18654,19789
231,Tapirus_indicus,Malayan Tapir,Laurasiatheria,200M,234383,DISCOVAR (GCA_004024905.1),wget ftp://ftp.ncbi.nlm.nih.gov/genomes/all/GCA/004/024/905/GCA_004024905.1_TapInd_v1_BIUU/GCA_004024905.1_TapInd_v1_BIUU_genomic.fna.gz,Sequence-Name,GenBank,N,/projects/pfenninggroup/machineLearningForComputationalBiology/regElEvoGrant/200MammalsFastas/GCA_004024905.1_TapInd_v1_BIUU_genomic.fna,41.4,225792,308930
232,Tapirus_terrestris,South American Tapir,Laurasiatheria,200M,184442,DISCOVAR (GCA_004025025.1),wget ftp://ftp.ncbi.nlm.nih.gov/genomes/all/GCA/004/025/025/GCA_004025025.1_TapTer_v1_BIUU/GCA_004025025.1_TapTer_v1_BIUU_genomic.fna.gz,Sequence-Name,GenBank,N,/projects/pfenninggroup/machineLearningForComputationalBiology/regElEvoGrant/200MammalsFastas/GCA_004025025.1_TapTer_v1_BIUU_genomic.fna,44.2,164193,186384
233,Thryonomys_swinderianus,Greater Cane Rat,Glire,200M,25752,DISCOVAR (GCA_004025085.1),wget ftp://ftp.ncbi.nlm.nih.gov/genomes/all/GCA/004/025/085/GCA_004025085.1_ThrSwi_v1_BIUU/GCA_004025085.1_ThrSwi_v1_BIUU_genomic.fna.gz,Sequence-Name,GenBank,N,/projects/pfenninggroup/machineLearningForComputationalBiology/regElEvoGrant/200MammalsFastas/GCA_004025085.1_ThrSwi_v1_BIUU_genomic.fna,58.2,18955,21523
234,Tolypeutes_matacus,Southern Three-Banded Armadillo,Xenarthra,200M,13475,DISCOVAR (GCA_004025125.1),wget ftp://ftp.ncbi.nlm.nih.gov/genomes/all/GCA/004/025/125/GCA_004025125.1_TolMat_v1_BIUU/GCA_004025125.1_TolMat_v1_BIUU_genomic.fna.gz,Sequence-Name,GenBank,N,/projects/pfenninggroup/machineLearningForComputationalBiology/regElEvoGrant/200MammalsFastas/GCA_004025125.1_TolMat_v1_BIUU_genomic.fna,22.1,9441,10217
235,Tonatia_saurophila,Stripe-headed Round-eared Bat,Laurasiatheria,200M,148656,DISCOVAR (GCA_004024845.1),wget ftp://ftp.ncbi.nlm.nih.gov/genomes/all/GCA/004/024/845/GCA_004024845.1_TonSau_v1_BIUU/GCA_004024845.1_TonSau_v1_BIUU_genomic.fna.gz,Sequence-Name,GenBank,N,/projects/pfenninggroup/machineLearningForComputationalBiology/regElEvoGrant/200MammalsFastas/GCA_004024845.1_TonSau_v1_BIUU_genomic.fna,46.1,141649,165561
236,Tragulus_javanicus,Java Lesser Chevrotain,Laurasiatheria,200M,92271,DISCOVAR (GCA_004024965.1),wget ftp://ftp.ncbi.nlm.nih.gov/genomes/all/GCA/004/024/965/GCA_004024965.1_TraJav_v1_BIUU/GCA_004024965.1_TraJav_v1_BIUU_genomic.fna.gz,Sequence-Name,GenBank,N,/projects/pfenninggroup/machineLearningForComputationalBiology/regElEvoGrant/200MammalsFastas/GCA_004024965.1_TraJav_v1_BIUU_genomic.fna,43,78495,86670
237,Tupaia_tana,Large treeshrew,Euarchonta,200M,7236,DISCOVAR (GCA_004365275.1),wget ftp://ftp.ncbi.nlm.nih.gov/genomes/all/GCA/004/365/275/GCA_004365275.1_TupTan_v1_BIUU/GCA_004365275.1_TupTan_v1_BIUU_genomic.fna.gz,Sequence-Name,GenBank,N,/projects/pfenninggroup/machineLearningForComputationalBiology/regElEvoGrant/200MammalsFastas/GCA_004365275.1_TupTan_v1_BIUU_genomic.fna,25,2971,2973
238,Uropsilus_gracilis,Gracile Shrew-like Mole,Laurasiatheria,200M,50461,DISCOVAR (GCA_004024945.1),wget ftp://ftp.ncbi.nlm.nih.gov/genomes/all/GCA/004/024/945/GCA_004024945.1_UroGra_v1_BIUU/GCA_004024945.1_UroGra_v1_BIUU_genomic.fna.gz,Sequence-Name,GenBank,N,/projects/pfenninggroup/machineLearningForComputationalBiology/regElEvoGrant/200MammalsFastas/GCA_004024945.1_UroGra_v1_BIUU_genomic.fna,54.2,43618,55035
239,Vulpes_lagopus,Arctic Fox,Laurasiatheria,200M,88551,DISCOVAR (GCA_004023825.1),wget ftp://ftp.ncbi.nlm.nih.gov/genomes/all/GCA/004/023/825/GCA_004023825.1_VulLag_v1_BIUU/GCA_004023825.1_VulLag_v1_BIUU_genomic.fna.gz,Sequence-Name,GenBank,N,/projects/pfenninggroup/machineLearningForComputationalBiology/regElEvoGrant/200MammalsFastas/GCA_004023825.1_VulLag_v1_BIUU_genomic.fna,36.8,73976,102053
240,Xerus_inauris,Cape Ground Squirrel,Glire,200M,70055,DISCOVAR (GCA_004024805.1),wget ftp://ftp.ncbi.nlm.nih.gov/genomes/all/GCA/004/024/805/GCA_004024805.1_XerIna_v1_BIUU/GCA_004024805.1_XerIna_v1_BIUU_genomic.fna.gz,Sequence-Name,GenBank,N,/projects/pfenninggroup/machineLearningForComputationalBiology/regElEvoGrant/200MammalsFastas/GCA_004024805.1_XerIna_v1_BIUU_genomic.fna,24.4,64054,83865
241,Zalophus_californianus,California Sea Lion,Laurasiatheria,200M,97878,DISCOVAR (GCA_004024565.1),wget https://sra-download.ncbi.nlm.nih.gov/traces/wgs03/wgs_aux/PI/SZ/PISZ01/PISZ01.*.fsa_nt.gz,Sequence-Name,GenBank,N,/projects/pfenninggroup/machineLearningForComputationalBiology/regElEvoGrant/200MammalsFastas/GCA_004024565.1_ZalCal_v1_BIUU_genomic.fna,89.2,90567,132377
242,Zapus_hudsonius,Meadow Jumping Mouse,Glire,200M,28664,DISCOVAR (GCA_004024765.1),wget ftp://ftp.ncbi.nlm.nih.gov/genomes/all/GCA/004/024/765/GCA_004024765.1_ZapHud_v1_BIUU/GCA_004024765.1_ZapHud_v1_BIUU_genomic.fna.gz,Sequence-Name,GenBank,N,/projects/pfenninggroup/machineLearningForComputationalBiology/regElEvoGrant/200MammalsFastas/GCA_004024765.1_ZapHud_v1_BIUU_genomic.fna,50.1,23350,26350
243,Ziphius_cavirostris,Cuvier's Beaked Whale,Laurasiatheria,200M,8393,DISCOVAR (GCA_004364475.1),wget ftp://ftp.ncbi.nlm.nih.gov/genomes/all/GCA/004/364/475/GCA_004364475.1_ZipCav_v1_BIUU/GCA_004364475.1_ZipCav_v1_BIUU_genomic.fna.gz,Sequence-Name,GenBank,N,/projects/pfenninggroup/machineLearningForComputationalBiology/regElEvoGrant/200MammalsFastas/GCA_004364475.1_ZipCav_v1_BIUU_genomic.fna,30.6,3606,3608